,joinValue,over_under_total
0,201910220LAC,225.0
1,201910230ORL,211.5
2,201910230IND,211.0
3,201910230MIA,213.5
4,201910230PHI,215.5
5,201910230BKN,230.0
6,201910230DAL,220.0
7,201910230SAS,214.5
8,201910230UTA,221.5
9,201910230PHO,232.5
10,201910230POR,218.0
11,201910240HOU,231.0
12,201910240GSW,229.5
13,201910250CHA,225.5
14,201910250BKN,228.0
15,201910250NOP,227.0
16,201910250MEM,225.0
17,201910250OKC,218.0
18,201910250DEN,219.0
19,201910250SAC,228.0
20,201910250LAL,216.5
21,201910260DET,213.5
22,201910260ATL,216.5
23,201910260NYK,219.0
24,201910260CLE,213.0
25,201910260CHI,219.0
26,201910260HOU,238.5
27,201910260SAS,219.5
28,201910260UTA,221.5
29,201910260PHO,225.5
30,201910270MEM,225.0
31,201910270DAL,219.0
32,201910270MIN,224.5
33,201910270LAL,217.0
34,201910280DET,213.0
35,201910280ATL,221.0
36,201910280TOR,208.5
37,201910280NOP,236.5
38,201910280MIL,224.5
39,201910280HOU,227.5
40,201910280SAS,222.5
41,201910280PHO,213.5
42,201910280SAC,218.0
43,201910280LAC,228.0
44,201910290DEN,213.0
45,201910290LAL,215.0
46,201910300CLE,216.5
47,201910300PHI,222.0
48,201910300BOS,224.0
49,201910300BKN,221.5
50,201910300TOR,214.0
51,201910300OKC,222.0
52,201910300WAS,234.0
53,201910300SAC,223.5
54,201910300UTA,216.5
55,201910300GSW,232.0
56,201910310NOP,223.5
57,201910310LAC,229.5
58,201911010BKN,245.0
59,201911010ORL,214.0
60,201911010BOS,211.0
61,201911010CHI,215.5
62,201911010DAL,218.5
63,201911010SAC,214.5
64,201911010GSW,222.0
65,201911020DET,223.0
66,201911020ORL,200.0
67,201911020MIL,227.0
68,201911020MEM,221.5
69,201911020WAS,230.0
70,201911020GSW,221.0
71,201911020POR,224.0
72,201911030MIA,233.5
73,201911030NYK,213.0
74,201911030SAS,217.5
75,201911030CLE,218.0
76,201911030LAC,214.0
77,201911040BKN,239.5
78,201911040MEM,229.5
79,201911040MIN,230.0
80,201911040PHO,224.0
81,201911040GSW,220.0
82,201911050CHA,212.0
83,201911050ATL,223.0
84,201911050CHI,216.0
85,201911050OKC,201.0
86,201911050DEN,211.5
87,201911060DET,206.0
88,201911060HOU,229.0
89,201911060ATL,222.0
90,201911060TOR,219.5
91,201911060MEM,224.5
92,201911060DAL,207.5
93,201911060UTA,208.5
94,201911060LAC,228.5
95,201911070SAS,211.5
96,201911070PHO,220.0
97,201911070LAC,231.0
98,201911080WAS,233.0
99,201911080IND,210.0
100,201911080ATL,226.0
101,201911080MIN,229.0
102,201911080NOP,233.0
103,201911080DAL,215.5
104,201911080DEN,212.0
105,201911080UTA,217.5
106,201911080POR,240.5
107,201911080LAL,219.5
108,201911090CHA,232.0
109,201911090MEM,222.5
110,201911090CHI,233.5
111,201911090OKC,216.0
112,201911100ORL,202.5
113,201911100PHI,213.5
114,201911100OKC,220.0
115,201911100NYK,213.5
116,201911100PHO,232.0
117,201911100POR,226.0
118,201911100LAL,211.0
119,201911110BOS,221.0
120,201911110NOP,243.0
121,201911110SAS,224.5
122,201911110GSW,211.0
123,201911110LAC,221.5
124,201911120IND,213.0
125,201911120MIA,214.0
126,201911120CHI,211.5
127,201911120DEN,209.0
128,201911120PHO,222.0
129,201911120UTA,220.0
130,201911120SAC,223.0
131,201911130ORL,207.5
132,201911130BOS,229.5
133,201911130HOU,233.0
134,201911130MIN,229.0
135,201911130LAL,219.0
136,201911130POR,219.0
137,201911140NOP,232.5
138,201911140NYK,215.0
139,201911140MIL,229.0
140,201911140PHO,230.0
141,201911140DEN,223.5
142,201911150ORL,213.0
143,201911150MIN,239.5
144,201911150MEM,215.0
145,201911150OKC,214.0
146,201911150HOU,226.5
147,201911150LAL,215.0
148,201911150GSW,223.5
149,201911160IND,220.5
150,201911160NYK,213.0
151,201911160MIN,230.5
152,201911160MIA,227.5
153,201911160DAL,218.5
154,201911160SAS,226.0
155,201911160LAC,224.0
156,201911170SAC,215.0
157,201911170ORL,226.5
158,201911170MEM,215.0
159,201911170NOP,226.0
160,201911170LAL,221.5
161,201911180TOR,214.0
162,201911180BKN,214.0
163,201911180HOU,231.0
164,201911180CHI,231.0
165,201911180DAL,224.0
166,201911180PHO,226.5
167,201911180UTA,219.0
168,201911180LAC,222.0
169,201911190NOP,231.5
170,201911190SAC,219.5
171,201911190LAL,210.0
172,201911200WAS,237.0
173,201911200DAL,216.5
174,201911200ATL,233.0
175,201911200TOR,207.0
176,201911200MIA,213.5
177,201911200BKN,219.0
178,201911200MIN,223.0
179,201911200CHI,222.0
180,201911200DEN,222.0
181,201911200LAC,217.0
182,201911210PHO,234.5
183,201911220DET,227.0
184,201911220BKN,215.5
185,201911220CHI,217.5
186,201911220PHI,221.0
187,201911220OKC,209.5
188,201911220DAL,221.5
189,201911220DEN,207.0
190,201911220UTA,208.5
191,201911220LAC,226.0
192,201911230CHA,219.0
193,201911230IND,201.5
194,201911230NYK,217.0
195,201911230ATL,223.5
196,201911230PHI,210.5
197,201911230CLE,226.5
198,201911230MEM,226.0
199,201911230MIL,226.0
200,201911230UTA,225.5
201,201911240WAS,233.5
202,201911240NYK,215.5
203,201911240DEN,214.5
204,201911240LAC,233.0
205,201911250DET,208.0
206,201911250IND,216.5
207,201911250ATL,236.5
208,201911250TOR,212.5
209,201911250MIA,212.5
210,201911250BOS,206.0
211,201911250CHI,226.0
212,201911250MIL,226.5
213,201911250SAS,223.0
214,201911250GSW,213.0
215,201911260DEN,227.0
216,201911270BOS,214.0
217,201911270IND,207.0
218,201911270PHI,211.5
219,201911270CHA,215.0
220,201911270TOR,210.5
221,201911270HOU,228.0
222,201911270MEM,226.0
223,201911270MIL,239.5
224,201911270SAS,230.0
225,201911270PHO,241.0
226,201911270NOP,232.0
227,201911270POR,219.5
228,201911270GSW,215.5
229,201911290ORL,209.5
230,201911290DET,213.0
231,201911290NYK,209.5
232,201911290CLE,229.5
233,201911290MIA,209.0
234,201911290IND,223.5
235,201911290OKC,229.0
236,201911290MEM,223.0
237,201911290SAS,224.5
238,201911290PHO,231.0
239,201911290POR,227.0
240,201911290LAL,236.5
241,201911300PHI,207.0
242,201911300HOU,238.0
243,201911300MIL,224.5
244,201912010NYK,208.5
245,201912010MIN,231.5
246,201912010LAL,222.5
247,201912010NOP,227.5
248,201912010DET,217.5
249,201912010ORL,204.0
250,201912010TOR,208.5
251,201912010LAC,239.5
252,201912020PHI,209.5
253,201912020ATL,223.0
254,201912020MEM,217.0
255,201912020MIL,223.5
256,201912020SAC,212.0
257,201912030WAS,229.0
258,201912030TOR,212.5
259,201912030NOP,233.5
260,201912030SAS,234.0
261,201912030DEN,208.0
262,201912030LAC,233.0
263,201912040CHA,213.5
264,201912040DET,223.0
265,201912040BOS,209.0
266,201912040ATL,228.5
267,201912040OKC,209.0
268,201912040CHI,223.0
269,201912040DAL,228.5
270,201912040UTA,212.0
271,201912040POR,217.0
272,201912050NYK,204.5
273,201912050TOR,231.0
274,201912050NOP,235.0
275,201912060CHA,219.5
276,201912060CLE,210.5
277,201912060OKC,220.0
278,201912060MIA,228.5
279,201912060BOS,206.5
280,201912060CHI,214.5
281,201912060MIL,234.0
282,201912060SAS,215.0
283,201912060POR,226.0
284,201912070PHI,214.5
285,201912070NYK,209.0
286,201912070HOU,241.0
287,201912070UTA,217.5
288,201912080CHA,222.5
289,201912080PHI,214.0
290,201912080MIA,210.0
291,201912080WAS,234.5
292,201912080DAL,216.0
293,201912080POR,223.0
294,201912080LAL,227.0
295,201912090BOS,216.0
296,201912090CHI,214.0
297,201912090NOP,227.5
298,201912090HOU,225.0
299,201912090MIL,218.0
300,201912090UTA,207.0
301,201912090PHO,233.5
302,201912090GSW,220.0
303,201912100PHI,209.0
304,201912100MIA,219.0
305,201912100POR,224.0
306,201912110TOR,223.0
307,201912110CLE,230.0
308,201912110IND,211.0
309,201912110BKN,216.5
310,201912110CHI,221.5
311,201912110MIN,221.5
312,201912110PHO,230.5
313,201912110MIL,233.0
314,201912110SAC,207.5
315,201912110GSW,211.0
316,201912120SAS,218.5
317,201912120DET,217.0
318,201912120DEN,216.5
319,201912130PHI,222.0
320,201912130ATL,225.0
321,201912130CHI,213.5
322,201912130MIA,212.5
323,201912130MEM,230.0
324,201912130MIN,228.5
325,201912130SAC,210.5
326,201912130UTA,211.5
327,201912140TOR,218.5
328,201912140MEM,237.5
329,201912140CHI,214.0
330,201912140DAL,216.5
331,201912140MIL,223.0
332,201912140DEN,204.5
333,201912140HOU,226.0
334,201912150IND,210.0
335,201912150ATL,230.0
336,201912150BKN,220.0
337,201912150DEN,208.5
338,201912150GSW,210.0
339,201912160TOR,216.0
340,201912160OKC,208.5
341,201912160HOU,233.0
342,201912160MEM,218.0
343,201912160MIL,227.5
344,201912160PHO,227.0
345,201912170CHA,208.5
346,201912170NYK,225.0
347,201912170NOP,228.0
348,201912170UTA,208.0
349,201912170LAC,225.5
350,201912180DET,217.5
351,201912180CLE,211.5
352,201912180PHI,209.0
353,201912180OKC,219.5
354,201912180MIN,229.5
355,201912180DAL,216.0
356,201912180DEN,205.0
357,201912180POR,221.5
358,201912190MIL,227.5
359,201912190SAS,219.5
360,201912190LAC,235.5
361,201912200CLE,223.0
362,201912200BOS,211.5
363,201912200TOR,229.5
364,201912200PHI,212.5
365,201912200MIA,216.5
366,201912200OKC,224.5
367,201912200DEN,215.0
368,201912200POR,218.5
369,201912200GSW,221.5
370,201912210BKN,232.0
371,201912210PHI,227.0
372,201912210DET,209.0
373,201912210NYK,226.5
374,201912210MEM,221.5
375,201912210SAS,226.0
376,201912210PHO,234.0
377,201912210POR,228.0
378,201912220BOS,209.5
379,201912220MIL,221.0
380,201912220OKC,223.5
381,201912220LAL,209.0
382,201912230ORL,206.0
383,201912230DET,215.0
384,201912230CLE,229.5
385,201912230NYK,227.5
386,201912230MIA,214.0
387,201912230MEM,228.5
388,201912230PHO,219.0
389,201912230POR,230.5
390,201912230SAC,230.5
391,201912230GSW,222.0
392,201912250PHI,221.0
393,201912250GSW,229.5
394,201912250LAL,223.5
395,201912250DEN,216.0
396,201912260BKN,226.0
397,201912260OKC,224.5
398,201912260DAL,226.5
399,201912260SAC,220.0
400,201912260UTA,221.5
401,201912270CHA,207.5
402,201912270ORL,210.5
403,201912270ATL,235.5
404,201912270MIA,212.0
405,201912270GSW,225.0
406,201912280NOP,218.0
407,201912280BOS,217.0
408,201912280WAS,227.5
409,201912280MIA,211.5
410,201912280MIN,217.0
411,201912280HOU,234.5
412,201912280CHI,216.5
413,201912280SAS,221.0
414,201912280MIL,216.5
415,201912280GSW,217.5
416,201912280SAC,217.0
417,201912280POR,223.5
418,201912280LAC,222.0
419,201912290NOP,223.0
420,201912290DEN,208.5
421,201912290MEM,219.5
422,201912290LAL,224.5
423,201912300ORL,209.0
424,201912300MIN,216.0
425,201912300CHI,220.5
426,201912300UTA,217.5
427,201912300POR,233.0
428,201912310HOU,225.0
429,201912310OKC,219.0
430,201912310IND,212.5
431,201912310CHA,211.0
432,201912310SAC,220.5
433,201912310TOR,218.5
434,202001010NYK,225.5
435,202001010MIL,220.5
436,202001010LAL,225.5
437,202001020IND,209.0
438,202001020MIA,214.5
439,202001020CHI,209.0
440,202001020MIN,211.5
441,202001020DAL,223.0
442,202001020SAS,217.0
443,202001020SAC,224.5
444,202001020LAC,223.5
445,202001030ORL,206.0
446,202001030BOS,224.5
447,202001030HOU,229.0
448,202001030PHO,224.0
449,202001030LAL,226.0
450,202001040BKN,216.5
451,202001040ORL,206.0
452,202001040CLE,214.0
453,202001040ATL,220.0
454,202001040CHI,208.5
455,202001040WAS,221.0
456,202001040GSW,213.5
457,202001040DAL,218.0
458,202001040MIL,228.5
459,202001040SAC,226.0
460,202001050MIA,215.5
461,202001050CLE,217.5
462,202001050PHO,236.0
463,202001050LAL,220.0
464,202001060WAS,225.0
465,202001060CHA,209.5
466,202001060PHI,211.0
467,202001060ATL,224.5
468,202001060NOP,221.5
469,202001060DAL,217.0
470,202001060SAS,229.0
471,202001060SAC,213.0
472,202001070CLE,219.0
473,202001070BKN,217.5
474,202001070MEM,228.0
475,202001070PHO,226.5
476,202001070LAL,222.5
477,202001080IND,211.0
478,202001080CHA,207.5
479,202001080BOS,220.0
480,202001080ATL,237.0
481,202001080DAL,222.0
482,202001080NOP,224.5
483,202001080UTA,213.0
484,202001080GSW,218.0
485,202001090PHI,218.5
486,202001090MIN,224.0
487,202001090OKC,228.0
488,202001100BKN,218.0
489,202001100MEM,231.5
490,202001100CHI,213.0
491,202001100NYK,226.5
492,202001100DAL,223.5
493,202001100PHO,217.5
494,202001100UTA,210.5
495,202001100SAC,224.5
496,202001100LAC,218.0
497,202001110BOS,223.0
498,202001110DET,216.5
499,202001110OKC,215.0
500,202001110DAL,223.0
501,202001110DEN,216.5
502,202001110POR,232.0
503,202001120WAS,224.5
504,202001120MEM,226.0
505,202001120TOR,220.5
506,202001120BKN,225.5
507,202001120PHO,217.0
508,202001120DEN,221.0
509,202001130DET,221.5
510,202001130BOS,217.0
511,202001130MIN,218.0
512,202001130SAC,211.5
513,202001130POR,215.5
514,202001130LAL,222.0
515,202001140ATL,230.5
516,202001140MIL,230.5
517,202001140MEM,240.5
518,202001140LAC,225.0
519,202001140GSW,224.0
520,202001150PHI,222.0
521,202001150MIA,220.0
522,202001150CHI,229.5
523,202001150MIN,218.5
524,202001150OKC,212.5
525,202001150DEN,211.0
526,202001150HOU,237.0
527,202001150SAC,225.5
528,202001150LAL,210.0
529,202001160NOP,226.0
530,202001160MIL,228.0
531,202001160LAC,217.0
532,202001160GSW,212.5
533,202001170TOR,230.5
534,202001170IND,218.0
535,202001170MEM,230.0
536,202001170OKC,217.0
537,202001170SAS,230.5
538,202001170DAL,228.5
539,202001180BKN,236.0
540,202001180BOS,219.5
541,202001180ATL,227.5
542,202001180NYK,218.5
543,202001180CHI,215.0
544,202001180MIN,226.0
545,202001180HOU,236.0
546,202001180GSW,214.0
547,202001180OKC,216.0
548,202001180UTA,223.0
549,202001190DEN,214.0
550,202001200ATL,231.5
551,202001200BKN,218.0
552,202001200CHA,206.0
553,202001200MEM,242.5
554,202001200CLE,222.0
555,202001200MIL,226.0
556,202001200HOU,231.0
557,202001200MIA,221.0
558,202001200BOS,226.5
559,202001200MIN,221.5
560,202001200PHO,230.0
561,202001200UTA,215.5
562,202001200POR,222.5
563,202001220ORL,210.0
564,202001220BOS,233.0
565,202001220NYK,223.5
566,202001220MIA,229.5
567,202001220TOR,216.0
568,202001220ATL,228.5
569,202001220CHI,220.0
570,202001220HOU,227.5
571,202001220NOP,237.0
572,202001220PHO,221.5
573,202001220GSW,221.0
574,202001230BKN,232.0
575,202001230POR,227.5
576,202001240DET,231.5
577,202001240ORL,213.5
578,202001240NYK,218.5
579,202001240MIN,234.5
580,202001240MIA,219.5
581,202001240CHI,217.5
582,202001240NOP,229.5
583,202001240OKC,231.0
584,202001240SAS,226.5
585,202001240GSW,215.0
586,202001250DET,228.5
587,202001250MIN,226.5
588,202001250CLE,211.0
589,202001250PHI,218.5
590,202001260SAS,220.5
591,202001260NYK,219.0
592,202001260MEM,229.0
593,202001260NOP,233.0
594,202001260ATL,241.0
595,202001260ORL,217.5
596,202001260POR,221.5
597,202001270MIA,208.5
598,202001270OKC,223.0
599,202001270MIN,223.5
600,202001270CHI,212.5
601,202001270UTA,220.5
602,202001280TOR,234.5
603,202001280MIA,218.5
604,202001280CLE,231.5
605,202001280PHI,216.0
606,202001280MIL,241.0
607,202001280MEM,224.0
608,202001280DAL,228.0
609,202001290BKN,225.5
610,202001290NYK,221.5
611,202001290SAS,221.0
612,202001290SAC,219.0
613,202001290POR,242.5
614,202001300CLE,224.0
615,202001300ATL,228.5
616,202001300BOS,225.0
617,202001300DEN,215.5
618,202001300LAC,224.5
619,202001310BKN,219.5
620,202001310NOP,242.0
621,202001310HOU,237.0
622,202001310PHO,224.0
623,202001310MIL,227.0
624,202001310LAL,233.0
625,202002010IND,212.5
626,202002010ORL,209.5
627,202002010WAS,243.0
628,202002010CLE,224.0
629,202002010DAL,236.0
630,202002010BOS,213.0
631,202002010SAS,215.0
632,202002010POR,227.5
633,202002010SAC,227.0
634,202002020MIL,234.0
635,202002020HOU,251.0
636,202002020TOR,216.0
637,202002030CHA,204.0
638,202002030CLE,217.0
639,202002030WAS,234.5
640,202002030ATL,232.5
641,202002030BKN,225.0
642,202002030MIA,211.5
643,202002030MEM,223.5
644,202002030SAC,226.5
645,202002030LAC,230.5
646,202002040HOU,223.5
647,202002040DEN,226.5
648,202002040LAL,226.5
649,202002050BOS,210.0
650,202002050TOR,216.5
651,202002050BKN,223.0
652,202002050OKC,222.5
653,202002050MIN,239.0
654,202002050DAL,225.5
655,202002050UTA,215.5
656,202002050LAC,225.0
657,202002060CHI,230.0
658,202002060MIL,228.5
659,202002060POR,228.5
660,202002060LAL,240.0
661,202002070PHI,223.0
662,202002070BOS,225.0
663,202002070OKC,214.5
664,202002070IND,218.0
665,202002070PHO,235.0
666,202002070SAC,220.0
667,202002070UTA,230.5
668,202002080DET,211.0
669,202002080CHA,212.5
670,202002080IND,223.5
671,202002080TOR,218.5
672,202002080MIN,232.5
673,202002080GSW,225.0
674,202002080PHO,218.5
675,202002080SAC,222.5
676,202002090WAS,241.0
677,202002090ATL,226.5
678,202002090PHI,214.0
679,202002090HOU,233.0
680,202002090CLE,231.0
681,202002090POR,227.0
682,202002100IND,217.5
683,202002100ORL,223.0
684,202002100TOR,234.5
685,202002100MIL,230.0
686,202002100DAL,216.5
687,202002100DEN,216.5
688,202002100LAL,231.0
689,202002100GSW,220.0
690,202002110WAS,230.5
691,202002110OKC,220.0
692,202002110NOP,243.5
693,202002110HOU,233.5
694,202002120CLE,235.0
695,202002120BKN,225.0
696,202002120IND,224.0
697,202002120NYK,228.0
698,202002120MIN,225.0
699,202002120MEM,234.5
700,202002120DAL,227.5
701,202002120UTA,216.5
702,202002120PHO,226.5
703,202002120DEN,221.0
704,202002130NOP,235.0
705,202002200ATL,230.5
706,202002200CHI,212.0
707,202002200PHI,214.0
708,202002200SAC,230.5
709,202002200GSW,233.0
710,202002210WAS,237.0
711,202002210NYK,212.5
712,202002210TOR,229.0
713,202002210OKC,216.5
714,202002210MIN,226.0
715,202002210UTA,224.0
716,202002210POR,239.0
717,202002210LAL,235.0
718,202002220CHA,210.0
719,202002220ATL,236.5
720,202002220CHI,222.0
721,202002220MIA,222.0
722,202002220MIL,227.5
723,202002220UTA,232.5
724,202002230DEN,221.0
725,202002230TOR,220.0
726,202002230OKC,223.0
727,202002230CHI,230.5
728,202002230GSW,239.0
729,202002230POR,220.0
730,202002240WAS,242.5
731,202002240PHI,227.5
732,202002240BKN,213.0
733,202002240HOU,224.0
734,202002240DAL,239.0
735,202002240UTA,224.0
736,202002240LAC,235.0
737,202002250TOR,232.5
738,202002250CHI,219.5
739,202002250DEN,213.0
740,202002250LAL,239.5
741,202002250POR,223.0
742,202002250GSW,224.0
743,202002260CLE,216.5
744,202002260CHA,207.0
745,202002260MIA,235.0
746,202002260SAS,233.5
747,202002260ATL,230.5
748,202002260HOU,237.0
749,202002260PHO,233.0
750,202002260UTA,218.0
751,202002270OKC,221.0
752,202002270IND,218.5
753,202002270GSW,220.0
754,202002280ATL,237.0
755,202002280TOR,214.0
756,202002280MIA,229.5
757,202002280MEM,227.5
758,202002280NOP,235.5
759,202002280MIL,227.5
760,202002280UTA,231.5
761,202002280PHO,218.0
762,202002280LAC,221.5
763,202002290MIA,220.0
764,202002290ATL,240.5
765,202002290MEM,228.0
766,202002290CLE,215.0
767,202002290BOS,233.0
768,202002290SAS,224.0
769,202002290PHO,221.0
770,202003010LAC,219.0
771,202003010MIN,242.5
772,202003010DEN,220.0
773,202003010SAC,216.0
774,202003010NOP,236.5
775,202003010GSW,233.5
776,202003020ORL,220.0
777,202003020CLE,222.0
778,202003020MIA,228.0
779,202003020ATL,240.5
780,202003020CHI,220.0
781,202003020SAS,220.0
782,202003030BOS,219.0
783,202003030OKC,229.0
784,202003030NOP,246.5
785,202003030DEN,218.5
786,202003030PHO,225.5
787,202003030SAC,236.5
788,202003030LAL,219.5
789,202003040CLE,215.5
790,202003040DET,209.0
791,202003040NYK,220.0
792,202003040BKN,223.0
793,202003040MIN,231.5
794,202003040DAL,241.0
795,202003040MIL,221.0
796,202003040POR,244.0
797,202003050HOU,237.0
798,202003050SAC,219.0
799,202003050GSW,229.0
800,202003060BKN,225.5
801,202003060NYK,216.5
802,202003060MIN,234.5
803,202003060CHI,209.0
804,202003060NOP,233.0
805,202003060BOS,220.0
806,202003060DAL,224.5
807,202003060PHO,233.0
808,202003060LAL,228.5
809,202003070DET,211.0
810,202003070CLE,219.0
811,202003070MEM,235.0
812,202003070GSW,220.5
813,202003070POR,231.0
814,202003080LAC,227.0
815,202003080MIN,248.0
816,202003080BOS,217.5
817,202003080PHO,229.5
818,202003080DAL,219.0
819,202003080WAS,233.0
820,202003080HOU,229.0
821,202003080NYK,211.0
822,202003080CLE,227.0
823,202003080SAC,226.0
824,202003090DEN,221.0
825,202003090UTA,224.5
826,202003100IND,214.0
827,202003100CHI,217.5
828,202003100MEM,219.0
829,202003100SAS,232.0
830,202003100HOU,249.0
831,202003100POR,235.5
832,202003100LAL,226.5
833,202003100GSW,223.0
834,202003110ATL,233.0
835,202003110PHI,210.0
836,202003110OKC,221.0
837,202003110DAL,220.5
838,202003110SAC,232.5
839,202003110POR,232.0
840,202003110LAL,231.5
841,202007300LAL,220.0
842,202007310POR,225.0
843,202007310WAS,224.5
844,202007310MIL,221.0
845,202007310SAS,224.0
846,202007310DAL,233.0
847,202008010OKC,218.5
848,202008010LAC,233.0
849,202008010IND,220.0
850,202008010TOR,225.0
851,202008020PHO,235.5
852,202008020BKN,230.5
853,202008020BOS,228.0
854,202008020MEM,236.5
855,202008020ORL,228.5
856,202008030WAS,228.0
857,202008030OKC,219.0
858,202008030NOP,236.0
859,202008030PHI,227.0
860,202008030UTA,217.0
861,202008040SAC,236.0
862,202008040LAC,230.0
863,202008040IND,224.5
864,202008040MIA,218.5
865,202008040POR,244.0
866,202008050SAS,227.0
867,202008050WAS,227.5
868,202008050LAL,218.0
869,202008050ORL,222.0
870,202008050BOS,224.0
871,202008060PHO,228.5
872,202008060MIL,224.0
873,202008060DAL,231.0
874,202008060DEN,228.5
875,202008060HOU,228.0
876,202008070MEM,220.0
877,202008070BKN,232.5
878,202008070PHI,221.5
879,202008070NOP,236.0
880,202008070TOR,222.0
881,202008080DEN,222.0
882,202008080IND,219.0
883,202008080MIA,225.5
884,202008080DAL,238.0
885,202008090TOR,222.0
886,202008090NOP,239.5
887,202008090BOS,223.0
888,202008090POR,229.5
889,202008090SAC,236.0
890,202008090LAC,228.0
891,202008100UTA,222.0
892,202008100MIL,228.0
893,202008100MIA,223.5
894,202008100LAL,224.0
895,202008110SAS,239.0
896,202008110PHI,227.0
897,202008110DAL,240.0
898,202008110MEM,230.0
899,202008110WAS,228.0
900,202008110SAC,235.5
901,202008120PHI,221.5
902,202008120OKC,221.0
903,202008120DEN,230.0
904,202008130BKN,239.5
905,202008130MEM,231.0
906,202008130BOS,225.0
907,202008130ORL,227.0
908,202008130PHO,238.5
909,202008130UTA,234.0
910,202008140HOU,231.0
911,202008140TOR,223.5
912,202008140IND,221.0
913,202008170BOS,217.0
914,202008170DEN,215.0
915,202008170LAC,231.5
916,202008180IND,216.0
917,202008180HOU,225.5
918,202008180LAL,234.5
919,202008190DEN,218.0
920,202008190BOS,214.0
921,202008190LAC,231.5
922,202008200HOU,226.5
923,202008200MIL,228.5
924,202008200LAL,230.5
925,202008210UTA,218.0
926,202008210PHI,217.0
927,202008210DAL,231.5
928,202008220MIA,213.5
929,202008220OKC,223.0
930,202008220POR,224.5
931,202008230DAL,232.5
932,202008230BKN,221.5
933,202008230UTA,217.5
934,202008240MIA,218.0
935,202008240POR,226.0
936,202008250LAC,236.0
937,202008260HOU,226.0
938,202008260LAL,223.0
939,202008270DAL,238.0
940,202008290HOU,229.0
941,202008290LAL,223.0
942,202008300DAL,237.0
943,202008300UTA,220.0
944,202008310MIL,224.0
945,202009010TOR,219.0
946,202009020MIL,223.5
947,202009030LAC,224.0
948,202009050LAL,224.0
949,202009050LAC,224.5
950,202009060LAL,223.0
951,202009070DEN,221.0
952,202009080HOU,222.0
953,202009090DEN,222.0
954,202009110TOR,204.0
955,202009150BOS,209.5
956,202012180TOR,219.5
957,202012180NYK,211.0
958,202012180NOP,227.5
959,202012180OKC,222.5
960,202012180BOS,224.5
961,202012180DEN,221.5
962,202012180PHO,221.5
963,202012220LAL,220.0
964,202012230PHO,232.0
965,202012230ORL,219.0
966,202012230CLE,216.5
967,202012230PHI,230.5
968,202012230IND,215.5
969,202012230TOR,228.5
970,202012230HOU,217.5
971,202012230CHI,234.5
972,202012230MEM,230.0
973,202012230MIN,224.5
974,202012230DEN,227.0
975,202012230POR,226.0
976,202012250MIL,231.0
977,202012250BOS,229.0
978,202012250LAL,226.0
979,202012250DEN,227.0
980,202012260CHA,220.0
981,202012260DET,214.0
982,202012260WAS,232.0
983,202012260NYK,215.0
984,202012260CHI,224.0
985,202012260SAS,228.5
986,202012260UTA,229.0
987,202012260SAC,227.0
988,202012260POR,225.5
989,202012270CHA,233.0
990,202012270NOP,227.5
991,202012270WAS,230.5
992,202012270CLE,218.0
993,202012270NYK,222.0
994,202012270IND,222.0
995,202012270CHI,230.0
996,202012270SAC,226.0
997,202012270LAL,229.0
998,202012280BKN,227.5
999,202101210OKC,221.5
1000,202101210DEN,225.0
1001,202012280LAL,230.0
1002,202012290DET,227.0
1003,202012290PHI,219.5
1004,202012290WAS,238.0
1005,202012290CLE,216.0
1006,202012290MIA,227.0
1007,202012290OKC,219.0
1008,202012290PHO,222.0
1009,202012290LAC,225.5
1010,202012290SAC,226.0
1011,202012300BOS,218.0
1012,202012300MIA,228.5
1013,202012300SAS,231.0
1014,202012300DAL,225.0
1015,202012300LAC,226.0
1016,202012310WAS,235.5
1017,202012310ORL,220.0
1018,202012310HOU,231.5
1019,202012310TOR,215.5
1020,202012310OKC,214.5
1021,202012310UTA,219.5
1022,202101010CHA,220.0
1023,202101010DAL,225.0
1024,202101010BKN,244.5
1025,202101010SAS,229.0
1026,202101010MIL,233.0
1027,202101010MIN,235.0
1028,202101010DEN,220.5
1029,202101010UTA,219.5
1030,202101010GSW,237.5
1031,202101020ORL,216.0
1032,202101020IND,215.0
1033,202101020PHI,217.0
1034,202101020NOP,215.5
1035,202101020ATL,229.0
1036,202101030MEM,220.5
1037,202101030BKN,242.0
1038,202101030MIN,226.0
1039,202101030SAS,222.5
1040,202101030PHO,216.0
1041,202101030CHI,222.0
1042,202101030GSW,235.5
1043,202101040ORL,214.5
1044,202101040ATL,224.5
1045,202101040TOR,217.0
1046,202101040MIA,214.0
1047,202101040NOP,216.0
1048,202101040MIL,223.5
1049,202101040HOU,230.0
1050,202101040GSW,235.0
1051,202101050MEM,219.0
1052,202101050DEN,226.5
1053,202101050LAC,225.5
1054,202101050POR,233.0
1055,202101060ORL,214.5
1056,202101060PHI,235.0
1057,202101060ATL,233.0
1058,202101060NYK,214.5
1059,202101060MIA,217.5
1060,202101060MIL,227.0
1061,202101060NOP,212.5
1062,202101060PHO,218.5
1063,202101060SAC,228.5
1064,202101060GSW,231.5
1065,202101070MEM,209.5
1066,202101070DEN,222.5
1067,202101070POR,234.0
1068,202101070LAL,226.5
1069,202101080NYK,212.0
1070,202101080NOP,218.0
1071,202101080BOS,237.5
1072,202101080MIL,232.5
1073,202101080HOU,222.0
1074,202101080MEM,218.0
1075,202101080LAL,221.5
1076,202101080SAC,227.5
1077,202101080GSW,229.5
1078,202101090WAS,226.5
1079,202101090IND,217.0
1080,202101090CHA,229.0
1081,202101090MIN,235.0
1082,202101090MIL,219.0
1083,202101090DAL,218.0
1084,202101090SAC,236.5
1085,202101100LAC,221.0
1086,202101100BKN,224.5
1087,202101100NYK,213.0
1088,202101100HOU,224.0
1089,202101100BOS,213.0
1090,202101100MIN,229.0
1091,202101100GSW,234.0
1092,202101110WAS,232.0
1093,202101110CHA,212.0
1094,202101110CLE,207.0
1095,202101110ATL,223.0
1096,202101110DAL,220.0
1097,202101110SAC,229.0
1098,202101110POR,231.0
1099,202101120BKN,231.0
1100,202101120CLE,208.5
1101,202101120OKC,218.5
1102,202101120HOU,224.0
1103,202101120GSW,227.0
1104,202101130DET,226.0
1105,202101130NYK,217.0
1106,202101130MIN,223.0
1107,202101130OKC,219.5
1108,202101130PHO,227.0
1109,202101130LAC,216.0
1110,202101130SAC,237.5
1111,202101140TOR,217.5
1112,202101140SAS,219.5
1113,202101140POR,228.0
1114,202101140DEN,225.5
1115,202101150MIL,230.0
1116,202101150CLE,196.0
1117,202101150MIN,226.5
1118,202101150OKC,225.0
1119,202101150UTA,229.0
1120,202101150LAL,219.0
1121,202101150SAC,228.0
1122,202101160BKN,226.0
1123,202101160TOR,221.5
1124,202101160MIA,218.0
1125,202101160MEM,223.0
1126,202101160POR,234.5
1127,202101170DAL,226.0
1128,202101170OKC,223.5
1129,202101170DEN,219.5
1130,202101170SAC,226.5
1131,202101170LAC,219.0
1132,202101180ATL,228.5
1133,202101180MIA,215.0
1134,202101180POR,227.0
1135,202101180MEM,217.0
1136,202101180BKN,240.0
1137,202101180TOR,222.5
1138,202101180CHI,224.0
1139,202101180LAL,225.5
1140,202101190UTA,217.0
1141,202101200CLE,227.0
1142,202101200PHI,220.5
1143,202101200TOR,222.0
1144,202101200ATL,221.0
1145,202101200MIN,219.5
1146,202101200HOU,219.0
1147,202101200POR,223.0
1148,202101200LAC,231.0
1149,202101200GSW,228.0
1150,202101210UTA,217.5
1151,202101210GSW,215.0
1152,202101220DET,215.5
1153,202101220IND,215.5
1154,202101220PHI,221.0
1155,202101220TOR,220.0
1156,202101220CLE,224.0
1157,202101220MIN,226.5
1158,202101220SAS,223.0
1159,202101220SAC,219.0
1160,202101220LAC,221.0
1161,202101220PHO,219.5
1162,202101230DET,216.0
1163,202101230BKN,232.0
1164,202101230MIN,217.5
1165,202101230CHI,227.0
1166,202101230DAL,222.0
1167,202101230PHO,216.5
1168,202101240BOS,213.0
1169,202101240LAC,220.5
1170,202101240ORL,215.0
1171,202101240SAS,233.5
1172,202101240MIL,225.0
1173,202101240POR,215.0
1174,202101250BKN,236.5
1175,202101250NOP,223.5
1176,202101250CHI,227.5
1177,202101250DAL,223.5
1178,202101250POR,227.0
1179,202101250GSW,227.5
1180,202101250ORL,214.0
1181,202101250DET,216.5
1182,202101250IND,219.0
1183,202101260HOU,234.0
1184,202101260UTA,212.5
1185,202101270CLE,215.5
1186,202101270ORL,223.5
1187,202101270TOR,228.0
1188,202101270MIA,215.0
1189,202101270ATL,238.0
1190,202101270PHI,223.0
1191,202101270NOP,227.5
1192,202101270SAS,224.5
1193,202101270PHO,215.0
1194,202101270UTA,221.0
1195,202101270GSW,228.5
1196,202101280MIA,212.0
1197,202101280PHO,219.5
1198,202101280HOU,230.0
1199,202101290ORL,217.0
1200,202101290WAS,235.0
1201,202101290NOP,230.0
1202,202101290NYK,209.5
1203,202101290TOR,226.5
1204,202101290MIN,225.0
1205,202101290OKC,229.0
1206,202101290SAS,222.0
1207,202101290UTA,222.5
1208,202101300CHA,231.0
1209,202101300NOP,223.0
1210,202101300MIA,223.0
1211,202101300BOS,218.0
1212,202101300DAL,215.0
1213,202101300SAS,219.0
1214,202101300GSW,224.5
1215,202101310IND,221.5
1216,202101310NYK,210.5
1217,202101310TOR,215.5
1218,202101310WAS,245.0
1219,202101310MIN,219.0
1220,202102010MIA,217.0
1221,202102010ATL,219.0
1222,202102010NOP,234.5
1223,202102010OKC,224.5
1224,202102010CHI,217.0
1225,202102010MIL,235.0
1226,202102010DAL,219.5
1227,202102010SAS,222.0
1228,202102010DEN,217.0
1229,202102020ORL,215.5
1230,202102020BKN,241.5
1231,202102020UTA,219.0
1232,202102020GSW,227.5
1233,202102020WAS,242.0
1234,202102030MIL,231.0
1235,202102030CLE,220.0
1236,202102030MIA,228.5
1237,202102030ATL,223.5
1238,202102030OKC,221.5
1239,202102030CHI,218.0
1240,202102030SAS,226.0
1241,202102030NOP,223.0
1242,202102030SAC,224.0
1243,202102040ATL,221.0
1244,202102040DAL,230.0
1245,202102040MEM,226.5
1246,202102040LAL,217.5
1247,202102050CHA,224.5
1248,202102050IND,228.0
1249,202102050CLE,228.5
1250,202102050BKN,240.0
1251,202102050OKC,220.5
1252,202102050MIA,230.5
1253,202102050PHO,212.0
1254,202102050LAC,219.0
1255,202102060SAC,226.0
1256,202102060ORL,225.0
1257,202102060NOP,227.0
1258,202102060PHI,233.0
1259,202102060ATL,223.0
1260,202102060OKC,220.5
1261,202102060HOU,225.5
1262,202102060CLE,227.0
1263,202102060DAL,233.0
1264,202102060LAL,213.5
1265,202102070NYK,207.0
1266,202102070PHO,215.0
1267,202102070LAC,228.5
1268,202102070CHA,237.5
1269,202102080MEM,223.5
1270,202102080CHI,237.0
1271,202102080DAL,229.0
1272,202102080SAS,233.0
1273,202102080PHO,212.5
1274,202102080DEN,233.5
1275,202102070LAL,217.5
1276,202102090MIA,207.5
1277,202102090NOP,226.0
1278,202102090SAS,230.0
1279,202102090POR,220.0
1280,202102090SAC,232.0
1281,202102090UTA,222.0
1282,202102100BKN,235.0
1283,202102100DAL,231.0
1284,202102100CHI,230.0
1285,202102100MIN,224.5
1286,202102100MEM,224.5
1287,202102100DEN,218.0
1288,202102100LAL,217.0
1289,202102100PHO,229.0
1290,202102110HOU,214.0
1291,202102110GSW,221.5
1292,202102110POR,230.0
1293,202102110BOS,219.5
1294,202102120WAS,218.0
1295,202102120ATL,225.0
1296,202102120DAL,234.0
1297,202102120CHI,226.0
1298,202102120DEN,221.5
1299,202102120UTA,233.0
1300,202102120POR,221.5
1301,202102120LAL,219.0
1302,202102120SAC,218.0
1303,202102120BOS,211.0
1304,202102130NYK,213.0
1305,202102130ATL,223.5
1306,202102130GSW,246.0
1307,202102130UTA,216.0
1308,202102140TOR,229.0
1309,202102140OKC,229.0
1310,202102140CHA,226.5
1311,202102140DEN,219.5
1312,202102140PHO,212.5
1313,202102140SAC,232.0
1314,202102140LAC,220.5
1315,202102140WAS,230.0
1316,202102140DET,222.5
1317,202102150IND,223.5
1318,202102150NYK,219.0
1319,202102150UTA,225.0
1320,202102150GSW,227.5
1321,202102150LAC,217.5
1322,202102150SAC,243.0
1323,202102160MEM,232.0
1324,202102160MIN,223.0
1325,202102160OKC,226.0
1326,202102160MIL,236.0
1327,202102160PHO,227.0
1328,202102170WAS,235.0
1329,202102170BOS,222.5
1330,202102170PHI,227.0
1331,202102170NOP,237.5
1332,202102170MIN,225.5
1333,202102170GSW,223.0
1334,202102170LAC,228.0
1335,202102170MEM,227.5
1336,202102170CHI,219.5
1337,202102180LAL,231.0
1338,202102180SAC,226.5
1339,202102190PHI,227.0
1340,202102190BOS,226.5
1341,202102190NOP,231.0
1342,202102190MIN,226.0
1343,202102190MIL,232.0
1344,202102190MEM,219.5
1345,202102190LAC,228.0
1346,202102190CLE,226.0
1347,202102200MEM,223.5
1348,202102200CHI,235.5
1349,202102200LAL,209.0
1350,202102200POR,244.0
1351,202102210CLE,220.0
1352,202102210ORL,210.0
1353,202102210TOR,222.5
1354,202102210NYK,217.5
1355,202102210ATL,232.5
1356,202102210LAC,235.0
1357,202102210MIL,240.0
1358,202102220OKC,212.5
1359,202102220DAL,232.0
1360,202102220PHO,227.0
1361,202102220UTA,228.5
1362,202102220LAL,229.0
1363,202102230ORL,211.0
1364,202102230NYK,222.5
1365,202102230TOR,221.5
1366,202102230DAL,223.0
1367,202102230BKN,242.0
1368,202102230MIL,232.0
1369,202102230DEN,231.0
1370,202102230LAC,235.5
1371,202102240MIA,214.0
1372,202102240CLE,221.5
1373,202102240ATL,221.5
1374,202102260OKC,226.5
1375,202102240CHI,229.0
1376,202102240NOP,221.5
1377,202102240PHO,225.0
1378,202102240UTA,219.0
1379,202102250BKN,229.5
1380,202102250NYK,226.0
1381,202102250MEM,225.5
1382,202102250DEN,237.5
1383,202102250MIL,242.0
1384,202102260GSW,233.0
1385,202102260LAL,222.5
1386,202102260DET,228.0
1387,202102260TOR,219.0
1388,202102260BOS,219.0
1389,202102260MIA,220.5
1390,202102260CHI,226.0
1391,202102270SAS,233.0
1392,202102270NYK,216.5
1393,202102270ORL,221.5
1394,202102270WAS,238.0
1395,202102270OKC,219.5
1396,202102270BKN,233.5
1397,202102280DET,209.5
1398,202102280TOR,223.0
1399,202102280MIA,225.0
1400,202102280HOU,224.0
1401,202102280BOS,232.0
1402,202103010LAL,142.5
1403,202102280MIN,225.0
1404,202102280SAC,236.5
1405,202103010ORL,220.0
1406,202103010HOU,217.0
1407,202103010NOP,237.0
1408,202103010CHI,225.0
1409,202103020SAS,218.5
1410,202103010POR,230.0
1411,202103010TOR,214.5
1412,202103030BOS,131.5
1413,202103020MIA,223.5
1414,202103020MIL,234.0
1415,202103020SAS,211.5
1416,202103020LAL,216.0
1417,202103030PHI,230.0
1418,202103030ORL,220.0
1419,202103030HOU,226.5
1420,202103030MIN,235.5
1421,202103030NOP,237.5
1422,202103030DAL,220.5
1423,202103030POR,233.0
1424,202103030SAC,223.0
1425,202103030TOR,211.5
1426,202103040BOS,221.0
1427,202103040IND,227.5
1428,202103040MEM,236.0
1429,202103040SAS,219.0
1430,202103040NOP,225.0
1431,202103050POR,143.5
1432,202103040PHO,220.0
1433,202103040NYK,206.5
1434,202103100DAL,227.0
1435,202103130BKN,144.5
1436,202103110TOR,227.0
1437,202103110CHI,228.5
1438,202103110MIA,210.5
1439,202103110MIL,222.5
1440,202103110NOP,237.5
1441,202103110OKC,215.0
1442,202103110POR,227.0
1443,202103120LAC,155.5
1444,202103110SAC,231.0
1445,202103120WAS,239.5
1446,202103120NOP,226.0
1447,202103120CHI,222.5
1448,202103120SAS,214.5
1449,202103120UTA,229.0
1450,202103120LAL,219.0
1451,202103130BKN,226.5
1452,202103130CHA,234.0
1453,202103130WAS,236.0
1454,202103130ATL,239.0
1455,202103130MIN,234.5
1456,202103130PHO,225.5
1457,202103130DEN,225.5
1458,202103160GSW,159.5
1459,202103140PHI,223.5
1460,202103140ORL,208.5
1461,202103140ATL,222.5
1462,202103150HOU,140.5
1463,202103140MIN,234.5
1464,202103140NOP,233.0
1465,202103140CHI,229.0
1466,202103150CHA,240.0
1467,202103150BKN,223.5
1468,202103150DET,211.0
1469,202103150DEN,223.5
1470,202103160DAL,136.5
1471,202103150PHO,228.0
1472,202103150GSW,225.0
1473,202103160CHI,227.5
1474,202103160HOU,225.0
1475,202103160PHI,220.0
1476,202103160MIA,206.5
1477,202103160POR,240.0
1478,202103160LAL,223.5
1479,202103180PHI,137.5
1480,202103170WAS,248.0
1481,202103170DET,218.0
1482,202103170CLE,212.5
1483,202103180HOU,134.5
1484,202103170CHI,223.5
1485,202103170DEN,228.5
1486,202103170MEM,219.5
1487,202103170DAL,226.0
1488,202103180ATL,224.0
1489,202103180NYK,206.5
1490,202103180PHO,232.5
1491,202103180POR,239.5
1492,202103180LAL,225.5
1493,202103190BOS,232.0
1494,202103190MIA,216.5
1495,202103190MEM,220.5
1496,202103190ORL,225.0
1497,202103190HOU,216.0
1498,202103190TOR,232.0
1499,202103190DEN,225.0
1500,202103190PHO,233.0
1501,202103190POR,228.0
1502,202103200MEM,220.5
1503,202103200PHI,229.0
1504,202103200MIL,229.5
1505,202103220LAC,144.5
1506,202103210HOU,218.0
1507,202103220DEN,145.5
1508,202103210BOS,215.5
1509,202103210BKN,248.5
1510,202103210CLE,216.5
1511,202103210DET,217.0
1512,202103210NYK,211.5
1513,202103210PHO,217.0
1514,202103210POR,227.5
1515,202103220MIN,231.0
1516,202103220SAS,223.5
1517,202103220HOU,226.0
1518,202103220MIL,233.0
1519,202103230CHI,127.5
1520,202103220MEM,218.5
1521,202103220LAC,225.0
1522,202103230NYK,221.0
1523,202103230NOP,221.5
1524,202103240MIA,145.5
1525,202103250POR,144.5
1526,202103230GSW,219.0
1527,202103240MIL,231.5
1528,202103240TOR,223.5
1529,202103240CHI,214.0
1530,202103240OKC,219.0
1531,202103240ORL,215.5
1532,202103240HOU,223.0
1533,202103240MIN,231.0
1534,202103240SAS,222.0
1535,202103260UTA,140.5
1536,202103240SAC,232.0
1537,202103260MIA,141.5
1538,202103270SAS,143.5
1539,202103250SAC,229.0
1540,202103250LAL,214.0
1541,202103260TOR,225.0
1542,202103260MIL,235.0
1543,202103260ORL,215.0
1544,202103260CHA,213.5
1545,202103260NOP,231.0
1546,202103260MIN,230.0
1547,202103260DAL,225.0
1548,202103260UTA,229.0
1549,202103280GSW,161.5
1550,202103260LAL,206.0
1551,202103270WAS,224.5
1552,202103270MIN,229.5
1553,202103290SAS,142.5
1554,202103280UTA,144.5
1555,202103280NOP,143.5
1556,202103270OKC,216.5
1557,202103270LAC,140.5
1558,202103270SAC,132.5
1559,202103280TOR,229.0
1560,202103280DEN,149.5
1561,202103280LAL,208.5
1562,202103290BOS,229.5
1563,202103290NYK,207.0
1564,202103290BKN,239.0
1565,202103290OKC,220.0
1566,202103290DET,215.0
1567,202103290HOU,226.5
1568,202103290SAS,229.5
1569,202103290UTA,221.0
1570,202103310LAC,141.5
1571,202103290GSW,229.0
1572,202103300DEN,219.5
1573,202103300LAC,215.0
1574,202104010PHO,149.5
1575,202103310IND,217.0
1576,202103310BKN,229.0
1577,202104010BOS,130.5
1578,202103310OKC,221.0
1579,202103310MIN,217.5
1580,202103310MEM,225.0
1581,202103310SAS,230.5
1582,202103310LAL,222.5
1583,202103310PHO,216.0
1584,202104010DET,218.5
1585,202104020BKN,147.5
1586,202104010MIA,217.0
1587,202104010NOP,212.5
1588,202104010SAS,223.5
1589,202104020LAC,148.5
1590,202104040BOS,140.5
1591,202104020NYK,213.0
1592,202104020MEM,232.5
1593,202104020IND,218.5
1594,202104020NOP,213.0
1595,202104020UTA,224.5
1596,202104020SAC,221.0
1597,202104020PHO,220.5
1598,202104020POR,240.5
1599,202104030DET,202.5
1600,202104030MIA,209.5
1601,202104030PHI,225.5
1602,202104030UTA,216.5
1603,202104030SAS,222.0
1604,202104050SAC,142.5
1605,202104030POR,231.0
1606,202104040LAC,210.0
1607,202104040BOS,217.0
1608,202104040PHI,225.0
1609,202104040ATL,230.5
1610,202104040HOU,220.0
1611,202104040DEN,213.0
1612,202104050SAS,218.0
1613,202104050TOR,225.0
1614,202104050MIN,237.0
1615,202104050OKC,214.0
1616,202104050DAL,222.0
1617,202104050HOU,223.5
1618,202104060BOS,222.0
1619,202104060TOR,207.5
1620,202104080ATL,148.5
1621,202104060MIA,216.0
1622,202104060DEN,213.5
1623,202104080GSW,161.5
1624,202104060LAC,228.5
1625,202104070ORL,225.5
1626,202104070BKN,233.5
1627,202104070BOS,208.0
1628,202104090HOU,145.5
1629,202104070ATL,227.5
1630,202104070OKC,213.5
1631,202104070DEN,219.0
1632,202104070PHO,227.5
1633,202104080OKC,219.0
1634,202104080DAL,227.5
1635,202104080SAC,224.5
1636,202104100UTA,240.5
1637,202104080LAC,221.0
1638,202104080TOR,217.0
1639,202104090NYK,216.5
1640,202104090BOS,227.5
1641,202104090ATL,225.5
1642,202104090NOP,229.0
1643,202104090MIL,219.0
1644,202104090DEN,220.0
1645,202104090GSW,240.0
1646,202104090LAC,220.0
1647,202104100BKN,222.5
1648,202104100UTA,229.5
1649,202104100OKC,216.0
1650,202104100POR,226.5
1651,202104100PHO,225.0
1652,202104110GSW,146.5
1653,202104110DEN,220.0
1654,202104110ORL,224.5
1655,202104110CLE,223.5
1656,202104110NYK,216.0
1657,202104110MEM,234.5
1658,202104110MIN,233.0
1659,202104110DAL,220.0
1660,202104110POR,223.0
1661,202104110LAC,215.0
1662,202104120ORL,216.5
1663,202104120MIN,232.5
1664,202104120DAL,217.5
1665,202104130NOP,139.5
1666,202104120UTA,234.0
1667,202104120MEM,229.0
1668,202104120PHO,229.5
1669,202104120GSW,227.5
1670,202104130TOR,220.5
1671,202104130CHA,206.5
1672,202104130UTA,221.5
1673,202104130POR,229.5
1674,202104150PHO,143.5
1675,202104130MIN,231.5
1676,202104140CHA,210.5
1677,202104140TOR,222.0
1678,202104140DET,216.5
1679,202104140NOP,219.5
1680,202104140CHI,214.0
1681,202104140MIN,234.0
1682,202104140OKC,223.5
1683,202104140HOU,235.5
1684,202104140MEM,225.5
1685,202104140SAC,243.0
1686,202104140DEN,210.0
1687,202104150CLE,226.5
1688,202104150PHO,235.0
1689,202104170LAL,223.5
1690,202104160DET,217.0
1691,202104160WAS,239.5
1692,202104180PHI,135.5
1693,202104160TOR,212.0
1694,202104160BKN,223.5
1695,202104160HOU,227.0
1696,202104160CHI,219.0
1697,202104160MIN,221.5
1698,202104160SAS,229.5
1699,202104160DAL,212.0
1700,202104170CHI,213.0
1701,202104170WAS,130.5
1702,202104170BOS,226.0
1703,202104170MIL,237.0
1704,202104170PHO,223.5
1705,202104180ATL,231.0
1706,202104180MIA,224.0
1707,202104180CHA,216.5
1708,202104180ORL,218.0
1709,202104180TOR,219.5
1710,202104180DAL,232.0
1711,202104180LAC,233.5
1712,202104190PHI,227.0
1713,202104190BOS,211.5
1714,202104190MIL,233.0
1715,202104190MIA,215.5
1716,202104190IND,233.5
1717,202104190WAS,233.0
1718,202104210DEN,120.5
1719,202104190LAL,216.0
1720,202104200NYK,208.5
1721,202104200NOP,235.5
1722,202104220POR,126.5
1723,202104200SAC,239.0
1724,202104220CLE,165.5
1725,202104210IND,231.5
1726,202104210PHI,216.5
1727,202104210TOR,232.0
1728,202104210HOU,224.0
1729,202104210NYK,219.0
1730,202104210DAL,217.5
1731,202104210SAS,215.5
1732,202104210LAC,223.5
1733,202104210SAC,241.0
1734,202104210POR,230.0
1735,202104220ORL,219.5
1736,202104230MIL,136.5
1737,202104220SAS,214.0
1738,202104220CHI,210.5
1739,202104220DAL,215.5
1740,202104230ATL,211.5
1741,202104230HOU,223.5
1742,202104230CHA,211.0
1743,202104230OKC,232.0
1744,202104230POR,232.5
1745,202104230GSW,228.0
1746,202104250MIL,148.5
1747,202104240IND,228.5
1748,202104240NOP,228.5
1749,202104240MIA,203.5
1750,202104240DAL,217.5
1751,202104240UTA,231.0
1752,202104240DEN,219.0
1753,202104250BKN,231.0
1754,202104250POR,235.5
1755,202104270WAS,140.5
1756,202104250ATL,229.5
1757,202104250ORL,225.5
1758,202104250GSW,233.0
1759,202104260WAS,231.5
1760,202104260ORL,208.0
1761,202104260PHI,219.0
1762,202104260TOR,212.0
1763,202104260NYK,215.5
1764,202104280MIA,122.5
1765,202104260MIN,226.0
1766,202104260NOP,229.0
1767,202104260DEN,230.0
1768,202104260SAC,225.5
1769,202104270CHA,225.5
1770,202104270BOS,216.0
1771,202104270TOR,232.5
1772,202104290HOU,226.0
1773,202104290GSW,147.5
1774,202104300WAS,136.5
1775,202104280PHI,212.5
1776,202104280NYK,211.0
1777,202104280BOS,215.0
1778,202104280MIA,213.0
1779,202104280MEM,239.0
1780,202104300DEN,138.5
1781,202104280SAC,221.0
1782,202104280PHO,220.0
1783,202104290IND,241.0
1784,202104290HOU,233.0
1785,202104290MIN,235.5
1786,202104290DEN,218.5
1787,202104290OKC,232.0
1788,202104300BOS,222.5
1789,202104300CLE,231.5
1790,202104300MEM,222.0
1791,202104300BKN,242.0
1792,202104300CHI,223.0
1793,202104300PHO,219.5
1794,202104300LAL,224.5
1795,202105020HOU,151.5
1796,202105010OKC,231.5
1797,202105010CLE,209.0
1798,202105010ORL,218.0
1799,202105010MIN,239.5
1800,202105010ATL,217.5
1801,202105010DAL,233.0
1802,202105010LAC,222.0
1803,202105010UTA,216.0
1804,202105020BOS,235.0
1805,202105020HOU,218.5
1806,202105020OKC,222.0
1807,202105020DAL,226.5
1808,202105020SAS,219.5
1809,202105020CHA,212.5
1810,202105020LAL,215.0
1811,202105030DET,210.5
1812,202105030NOP,236.5
1813,202105030ATL,237.0
1814,202105030CHI,211.0
1815,202105030MEM,221.0
1816,202105030UTA,220.5
1817,202105030LAL,213.0
1818,202105040DET,218.0
1819,202105040MIL,242.5
1820,202105040MIA,216.5
1821,202105040OKC,227.0
1822,202105040NOP,235.0
1823,202105040LAC,217.5
1824,202105050CLE,227.0
1825,202105050IND,239.5
1826,202105050MIL,243.0
1827,202105050MIN,237.5
1828,202105050ATL,227.0
1829,202105050HOU,220.0
1830,202105050DEN,214.0
1831,202105050UTA,219.0
1832,202105060TOR,235.5
1833,202105060DAL,235.0
1834,202105060IND,238.5
1835,202105060DET,222.5
1836,202105060GSW,225.0
1837,202105060LAC,212.0
1838,202105070CHI,226.0
1839,202105070MIA,228.5
1840,202105070MIL,233.5
1841,202105070CHA,214.0
1842,202105070DAL,217.0
1843,202105070UTA,215.0
1844,202105070PHO,217.0
1845,202105070SAC,223.5
1846,202105070POR,223.0
1847,202105080IND,250.0
1848,202105080TOR,226.5
1849,202105080GSW,222.5
1850,202105080UTA,225.0
1851,202105080DEN,232.0
1852,202105080POR,233.0
1853,202105090LAC,215.0
1854,202105090CLE,218.5
1855,202105090CHA,224.0
1856,202105090ORL,232.5
1857,202105090DET,216.5
1858,202105090LAL,217.0
1859,202105090SAC,224.0
1860,202105100CLE,228.5
1861,202105100MEM,228.5
1862,202105100SAS,233.5
1863,202105100GSW,226.5
1864,202105100POR,239.5
1865,202105110LAL,210.0
1866,202105110CHA,223.5
1867,202105110DET,228.0
1868,202105110BOS,225.0
1869,202105110TOR,217.5
1870,202105110MEM,227.5
1871,202105110CHI,234.5
1872,202105110IND,233.5
1873,202105110MIL,230.0
1874,202105110GSW,231.5
1875,202105120BKN,233.0
1876,202105120CLE,222.5
1877,202105120UTA,234.0
1878,202105120DAL,225.5
1879,202105120LAL,220.0
1880,202105130IND,241.5
1881,202105130ATL,222.5
1882,202105130MIA,218.5
1883,202105130NYK,215.5
1884,202105130MEM,228.0
1885,202105130MIN,230.5
1886,202105130CHI,216.5
1887,202105130PHO,237.5
1888,202105140PHI,213.5
1889,202105140DET,217.0
1890,202105140OKC,221.0
1891,202105140HOU,225.0
1892,202105140MEM,225.0
1893,202105140DAL,219.5
1894,202105140GSW,220.0
1895,202105150NYK,213.5
1896,202105150MIL,233.0
1897,202105150MIN,233.0
1898,202105150SAS,225.5
1899,202105150IND,226.5
1900,202105160PHI,213.5
1901,202105160POR,229.0
1902,202105160BKN,225.5
1903,202105160GSW,228.5
1904,202105160NOP,222.0
1905,202105160CHI,224.5
1906,202105160ATL,232.0
1907,202105160NYK,211.5
1908,202105160WAS,230.5
1909,202105160SAS,220.0
1910,202105160OKC,220.5
1911,202105160SAC,221.5
1912,202105160MIN,230.0
1913,202105160DET,212.0
1914,202105180BOS,233.0
1915,202105190LAL,217.0
1916,202105220LAC,218.0
1917,202105220BKN,233.0
1918,202105220DEN,226.0
1919,202105230NYK,214.0
1920,202105230PHI,228.0
1921,202105230UTA,217.0
1922,202105240DEN,224.5
1923,202105250PHO,211.0
1924,202105250LAC,216.0
1925,202105260PHI,229.0
1926,202105260UTA,220.0
1927,202105270LAL,211.5
1928,202105270POR,227.5
1929,202105280BOS,227.0
1930,202105280DAL,219.5
1931,202105290POR,228.0
1932,202105290WAS,229.0
1933,202105290MEM,224.5
1934,202105300LAL,210.0
1935,202105300BOS,229.0
1936,202105300DAL,220.0
1937,202105310MEM,225.0
1938,202106010DEN,226.5
1939,202106010BKN,235.0
1940,202106020LAC,217.5
1941,202106020PHI,229.0
1942,202106020UTA,227.0
1943,202106030POR,228.5
1944,202106060PHI,219.5
1945,202106070PHO,222.0
1946,202106080UTA,221.5
1947,202106100UTA,223.0
1948,202106110DEN,224.0
1949,202106130DEN,223.0
1950,202106140LAC,224.0
1951,202106160UTA,219.5
1952,202106180LAC,221.0
1953,202106200PHO,220.0
1954,202110040BOS,213.5
1955,202110040OKC,215.5
1956,202110040MIN,220.5
1957,202110040SAS,218.0
1958,202110040POR,222.5
1959,202110040SAC,218.0
1960,202110040LAC,215.0
1961,202110040TOR,214.0
1962,202110050HOU,227.5
1963,202110050CHI,216.0
1964,202110050NYK,214.5
1965,202110060ATL,215.0
1966,202110060NOP,218.5
1967,202110060DAL,215.0
1968,202110060DET,214.5
1969,202110060GSW,220.0
1970,202110060PHO,215.0
1971,202110070CHA,221.0
1972,202110070PHI,222.5
1973,202110080BKN,220.5
1974,202110080CHI,227.0
1975,202110080SAS,217.5
1976,202110080DEN,225.5
1977,202110080DAL,215.5
1978,202110080GSW,227.0
1979,202110090MEM,216.0
1980,202110090WAS,224.0
1981,202110100CLE,216.0
1982,202110100MIL,222.5
1983,202110100LAL,222.5
1984,202110110PHI,230.0
1985,202110110MEM,222.0
1986,202110110UTA,222.5
1987,202110110POR,218.0
1988,202110110TOR,228.0
1989,202110110LAC,227.0
1990,202110120WAS,226.0
1991,202110130ORL,207.5
1992,202110130CHA,221.5
1993,202110130OKC,224.0
1994,202110130UTA,227.0
1995,202110130NYK,218.0
1996,202110130PHO,224.5
1997,202110140BKN,229.5
1998,202110140OKC,216.5
1999,202110140SAC,220.0
2000,202110150MIA,215.0
2001,202110150CHI,226.0
2002,202110150MIL,225.5
2003,202110150SAS,219.5
2004,202110150NYK,218.0
2005,202110150DET,214.0
2006,202110150GSW,227.0
2007,202110190LAL,227.0
2008,202110200DET,218.0
2009,202110200TOR,223.5
2010,202110200NYK,220.0
2011,202110200MEM,218.5
2012,202110200MIN,232.0
2013,202110200NOP,224.0
2014,202110200SAS,212.5
2015,202110200UTA,221.5
2016,202110200PHO,224.0
2017,202110200POR,234.0
2018,202110180MIA,224.0
2019,202110200GSW,226.0
2020,202110230IND,222.5
2021,202110230TOR,218.0
2022,202110230MIN,228.5
2023,202110230CHI,213.5
2024,202110230SAS,225.5
2025,202110230POR,229.0
2026,202110230LAC,226.0
2027,202110240NYK,212.0
2028,202110240HOU,221.0
2029,202110240OKC,216.0
2030,202110240SAC,235.0
2031,202110240LAL,225.5
2032,202110250CHA,223.5
2033,202110250ATL,212.5
2034,202110250BKN,229.5
2035,202110250TOR,213.0
2036,202110250MIA,211.0
2037,202110250MIN,224.5
2038,202110250DEN,221.0
2039,202110250LAC,230.0
2040,202110260OKC,223.5
2041,202110260SAS,220.0
2042,202110260DAL,222.5
2043,202110260UTA,218.5
2044,202110270NOP,220.5
2045,202110270TOR,214.0
2046,202110270BOS,224.5
2047,202110270BKN,218.0
2048,202110270OKC,217.0
2049,202110270MIL,231.0
2050,202110270PHO,224.5
2051,202110270POR,233.5
2052,202110270LAC,219.5
2053,202110280PHI,211.0
2054,202110280HOU,222.5
2055,202110280CHI,216.5
2056,202110280DAL,219.5
2057,202110280GSW,228.0
2058,202110290BKN,223.0
2059,202110290MIA,222.0
2060,202110290NOP,221.0
2061,202110290DEN,216.5
2062,202110290POR,223.0
2063,202110290LAL,222.0
2064,202110300DET,207.5
2065,202110300NOP,214.0
2066,202110300PHI,216.5
2067,202110300IND,212.0
2068,202110300MIL,223.5
2069,202110300CHI,218.5
2070,202110300MEM,215.5
2071,202110300GSW,217.0
2072,202110300MIN,219.5
2073,202110300PHO,216.0
2074,202110310MIL,222.0
2075,202110310CHA,231.0
2076,202110310BKN,211.0
2077,202110310LAL,224.5
2078,202111010IND,215.0
2079,202111010CHA,220.0
2080,202111010NYK,208.5
2081,202111010ATL,223.0
2082,202111010BOS,215.5
2083,202111010MEM,213.0
2084,202111010MIN,217.0
2085,202111010LAC,210.0
2086,202111020DAL,209.5
2087,202111020UTA,223.0
2088,202111020PHO,215.0
2089,202111020LAL,219.0
2090,202111030IND,216.0
2091,202111030WAS,212.0
2092,202111030ORL,213.0
2093,202111030PHI,215.5
2094,202111030BKN,222.0
2095,202111030MIN,212.5
2096,202111030MEM,215.5
2097,202111030SAS,217.0
2098,202111030SAC,219.0
2099,202111030GSW,226.5
2100,202111040ATL,219.0
2101,202111040MIA,213.5
2102,202111040PHO,220.5
2103,202111040LAL,214.5
2104,202111050ORL,213.0
2105,202111050WAS,221.0
2106,202111050MIL,217.0
2107,202111050TOR,204.0
2108,202111050MIN,215.5
2109,202111050GSW,214.0
2110,202111050POR,222.5
2111,202111050SAC,232.0
2112,202111060MIA,211.5
2113,202111060CHI,215.0
2114,202111060DAL,211.0
2115,202111060PHO,222.0
2116,202111060POR,224.0
2117,202111070ORL,211.0
2118,202111070SAC,225.0
2119,202111070WAS,219.0
2120,202111070NYK,208.0
2121,202111070OKC,213.5
2122,202111070GSW,218.0
2123,202111070LAC,224.0
2124,202111080CHI,217.0
2125,202111080MEM,220.0
2126,202111080DAL,210.5
2127,202111080DEN,203.0
2128,202111080GSW,222.0
2129,202111080SAC,224.0
2130,202111080LAL,225.5
2131,202111090UTA,223.0
2132,202111090LAC,220.5
2133,202111100CLE,209.0
2134,202111100HOU,210.5
2135,202111100BOS,206.0
2136,202111100NYK,216.0
2137,202111100CHI,215.0
2138,202111100NOP,208.5
2139,202111100MEM,228.0
2140,202111100SAS,222.5
2141,202111100DEN,205.5
2142,202111100PHO,225.0
2143,202111120GSW,125.5
2144,202111100LAL,215.5
2145,202111110UTA,215.0
2146,202111110LAC,211.5
2147,202111120CLE,201.0
2148,202111120BOS,209.0
2149,202111120MEM,222.5
2150,202111120HOU,223.0
2151,202111120OKC,219.5
2152,202111120NOP,215.0
2153,202111120SAS,219.5
2154,202111120DEN,214.5
2155,202111120GSW,222.0
2156,202111120LAL,223.0
2157,202111130IND,213.5
2158,202111130NOP,219.0
2159,202111130ORL,203.5
2160,202111130TOR,203.0
2161,202111130CLE,202.5
2162,202111130LAC,220.5
2163,202111140ATL,224.0
2164,202111140OKC,215.0
2165,202111140CHA,227.5
2166,202111140HOU,221.5
2167,202111140DEN,208.0
2168,202111140LAC,219.0
2169,202111150DET,214.0
2170,202111150WAS,208.0
2171,202111150ATL,215.0
2172,202111150NYK,211.0
2173,202111150OKC,207.0
2174,202111150DAL,208.5
2175,202111150MEM,219.0
2176,202111150MIN,222.0
2177,202111150POR,216.5
2178,202111150LAL,216.5
2179,202111160UTA,217.0
2180,202111160LAC,221.0
2181,202111170CHA,220.5
2182,202111170ATL,216.0
2183,202111170NYK,207.0
2184,202111170BKN,207.0
2185,202111170MIL,223.0
2186,202111170MIA,210.5
2187,202111170OKC,214.5
2188,202111170MIN,228.0
2189,202111170PHO,212.0
2190,202111170POR,221.0
2191,202111180CLE,209.0
2192,202111180MEM,221.0
2193,202111180MIN,219.5
2194,202111180DEN,209.5
2195,202111180UTA,215.0
2196,202111190CHA,215.5
2197,202111190BOS,213.0
2198,202111190BKN,210.0
2199,202111190NOP,214.5
2200,202111190MIL,215.5
2201,202111190DEN,205.0
2202,202111190SAC,221.0
2203,202111190PHO,211.0
2204,202111200IND,206.5
2205,202111200WAS,207.5
2206,202111200BOS,205.0
2207,202111200ATL,226.5
2208,202111200MIL,215.5
2209,202111200MIN,221.0
2210,202111200SAC,221.0
2211,202111200POR,218.0
2212,202111210GSW,217.0
2213,202111210LAC,213.5
2214,202111210DET,211.0
2215,202111210CHI,209.5
2216,202111230NYK,214.5
2217,202111230POR,212.5
2218,202111230LAC,213.0
2219,202111240ORL,219.0
2220,202111240IND,217.0
2221,202111240BOS,217.5
2222,202111240MEM,217.5
2223,202111240MIL,213.0
2224,202111240NOP,211.0
2225,202111240OKC,208.0
2226,202111240HOU,217.5
2227,202111240MIN,213.0
2228,202111240SAS,222.5
2229,202111240GSW,216.5
2230,202111240SAC,225.0
2231,202111260ORL,212.0
2232,202111260NYK,214.0
2233,202111260CHA,226.5
2234,202111260IND,209.5
2235,202111260OKC,209.0
2236,202111260MEM,227.0
2237,202111260SAS,213.5
2238,202111260UTA,218.0
2239,202111260DEN,216.0
2240,202111260GSW,225.0
2241,202111260LAL,229.0
2242,202111270ATL,217.0
2243,202111270BKN,226.0
2244,202111280CHI,129.5
2245,202111270HOU,227.5
2246,202111270CLE,205.0
2247,202111270DAL,213.0
2248,202111270UTA,215.0
2249,202111280IND,216.0
2250,202111280MEM,223.0
2251,202111280TOR,207.0
2252,202111280LAL,214.5
2253,202111290MIA,206.0
2254,202111290MIN,219.0
2255,202111290HOU,217.5
2256,202111290CHI,224.0
2257,202111290SAS,215.0
2258,202111290DAL,211.0
2259,202111290UTA,220.5
2260,202111290LAC,211.0
2261,202111300BKN,215.0
2262,202111300SAC,224.0
2263,202111300POR,209.5
2264,202111300PHO,222.5
2265,202112010IND,217.0
2266,202112010WAS,217.0
2267,202112010MIA,206.5
2268,202112010BOS,206.5
2269,202112010MIL,230.5
2270,202112010OKC,216.5
2271,202112010NOP,216.5
2272,202112010LAC,215.0
2273,202112020NYK,210.0
2274,202112020MEM,212.0
2275,202112020PHO,207.5
2276,202112020POR,215.0
2277,202112030WAS,209.0
2278,202112030BKN,219.0
2279,202112030ATL,216.0
2280,202112030HOU,217.5
2281,202112030DAL,214.5
2282,202112030UTA,209.5
2283,202112030GSW,215.5
2284,202112030LAL,219.0
2285,202112040BKN,222.5
2286,202112040MIL,211.0
2287,202112040DAL,214.5
2288,202112040GSW,219.0
2289,202112040SAC,219.5
2290,202112040POR,211.0
2291,202112050TOR,212.5
2292,202112050ATL,225.0
2293,202112050HOU,222.5
2294,202112060IND,211.5
2295,202112060DET,205.0
2296,202112060MIA,214.0
2297,202112060MIN,221.5
2298,202112060MIL,215.0
2299,202112060CHI,214.0
2300,202112060PHO,215.5
2301,202112060POR,213.0
2302,202112060GSW,217.0
2303,202112070SAS,211.0
2304,202112070LAL,220.0
2305,202112080DET,210.5
2306,202112080CHA,216.0
2307,202112080CLE,212.0
2308,202112080TOR,206.0
2309,202112080MIA,217.5
2310,202112080HOU,223.0
2311,202112080NOP,213.0
2312,202112080MIN,218.0
2313,202112080MEM,219.0
2314,202112080SAC,223.0
2315,202112080GSW,215.0
2316,202112080LAC,208.5
2317,202112090MEM,221.0
2318,202112090SAS,216.5
2319,202112100IND,213.5
2320,202112100ATL,228.0
2321,202112100TOR,207.5
2322,202112100NOP,211.5
2323,202112100MIN,213.5
2324,202112100OKC,218.0
2325,202112100HOU,227.5
2326,202112100PHO,214.5
2327,202112170WAS,218.5
2328,202112170CLE,217.0
2329,202112170MEM,222.0
2330,202112110MIA,208.5
2331,202112110PHI,213.0
2332,202112170SAS,216.5
2333,202112120DET,211.5
2334,202112120OKC,206.5
2335,202112120SAS,220.5
2336,202112120POR,226.0
2337,202112120LAL,220.5
2338,202112130CLE,208.0
2339,202112130IND,213.0
2340,202112130BOS,222.5
2341,202112130ATL,227.0
2342,202112130MEM,209.0
2343,202112130DAL,216.0
2344,202112130DEN,215.5
2345,202112130LAC,212.0
2346,202112140NYK,211.5
2347,202112140POR,217.0
2348,202112150ORL,223.5
2349,202112150PHI,203.5
2350,202112150DAL,212.5
2351,202112150OKC,212.0
2352,202112150MIL,214.5
2353,202112150SAS,224.0
2354,202112150DEN,223.5
2355,202112150SAC,227.0
2356,202112150POR,218.0
2357,202112150UTA,217.5
2358,202112160BKN,216.5
2359,202112160HOU,215.0
2360,202112160PHO,213.0
2361,202112160BOS,213.0
2362,202112170UTA,223.5
2363,202112180BKN,210.5
2364,202112180TOR,203.0
2365,202112180OKC,210.0
2366,202112180BOS,209.0
2367,202112180MIL,211.0
2368,202112180UTA,222.5
2369,202112190MEM,221.0
2370,202112190SAC,227.0
2371,202112190DET,208.5
2372,202112190BKN,217.0
2373,202112190ATL,214.5
2374,202112190PHO,231.5
2375,202112190MIN,214.0
2376,202112190PHI,212.5
2377,202112200CHI,222.5
2378,202112200MEM,216.0
2379,202112200UTA,238.0
2380,202112200GSW,222.0
2381,202112200LAC,220.5
2382,202112210MIA,211.0
2383,202112210NOP,219.0
2384,202112210DAL,212.5
2385,202112210LAL,223.5
2386,202112220BOS,216.5
2387,202112220CHI,212.0
2388,202112220OKC,213.0
2389,202112220MIL,224.5
2390,202112220SAC,217.0
2391,202112230IND,223.0
2392,202112230PHI,205.0
2393,202112230MIA,207.0
2394,202112230NYK,206.5
2395,202112230DAL,208.5
2396,202112230PHO,214.0
2397,202112230UTA,225.0
2398,202112230DEN,231.0
2399,202112230GSW,216.5
2400,202112230LAL,226.0
2401,202112250MIL,221.0
2402,202112250PHO,215.0
2403,202112250LAL,222.0
2404,202112250UTA,214.0
2405,202112260WAS,206.0
2406,202112260CLE,208.0
2407,202112260SAC,227.5
2408,202112260SAS,221.0
2409,202112260OKC,212.5
2410,202112260CHI,219.5
2411,202112260LAC,212.0
2412,202112270ATL,219.0
2413,202112270MIN,214.0
2414,202112270SAS,230.5
2415,202112270PHO,222.5
2416,202112270POR,214.5
2417,202112270LAC,215.0
2418,202112280TOR,215.0
2419,202112280MIA,203.5
2420,202112280HOU,227.0
2421,202112280MIN,211.0
2422,202112280NOP,209.5
2423,202112280SAC,225.0
2424,202112280GSW,217.5
2425,202112290DET,214.5
2426,202112290BOS,210.0
2427,202112290MEM,224.5
2428,202112290CHI,228.0
2429,202112290SAS,217.5
2430,202112290PHO,218.5
2431,202112290POR,228.5
2432,202112290SAC,221.5
2433,202112300BKN,221.0
2434,202112300WAS,208.5
2435,202112300DEN,214.0
2436,202112310IND,220.0
2437,202112310SAC,216.0
2438,202112310HOU,219.0
2439,202112310TOR,212.5
2440,202112310CLE,218.0
2441,202112310MEM,227.0
2442,202112310OKC,209.0
2443,202112310UTA,222.0
2444,202112310LAL,227.5
2445,202201010WAS,221.5
2446,202201010DET,222.5
2447,202201010BKN,220.5
2448,202201010HOU,220.0
2449,202201010UTA,224.0
2450,202201020CLE,207.5
2451,202201020BOS,213.0
2452,202201020SAC,222.5
2453,202201020CHA,234.5
2454,202201020OKC,206.0
2455,202201020LAL,222.0
2456,202201030PHI,218.5
2457,202201030BKN,230.5
2458,202201030NOP,229.0
2459,202201030MIL,226.0
2460,202201030CHI,217.5
2461,202201030DAL,212.5
2462,202201030POR,223.0
2463,202201030GSW,216.0
2464,202201030LAC,215.5
2465,202201040CLE,216.0
2466,202201040NYK,205.5
2467,202201040NOP,225.0
2468,202201040LAL,230.5
2469,202201050ORL,212.5
2470,202201050CHA,227.5
2471,202201050BOS,223.0
2472,202201050IND,224.5
2473,202201050DAL,213.0
2474,202201050MIN,218.5
2475,202201050MIL,222.0
2476,202201050DEN,227.0
2477,202201050SAC,228.5
2478,202201050POR,216.0
2479,202201060MEM,218.5
2480,202201060NOP,212.0
2481,202201060PHO,222.0
2482,202201070TOR,216.5
2483,202201070BKN,232.5
2484,202201070OKC,219.0
2485,202201070CHI,225.0
2486,202201070HOU,215.0
2487,202201070DEN,226.0
2488,202201070LAL,231.5
2489,202201070POR,216.0
2490,202201080CHA,235.0
2491,202201080IND,226.0
2492,202201080DET,215.5
2493,202201080BOS,205.5
2494,202201080PHO,219.0
2495,202201090ORL,220.0
2496,202201090TOR,221.0
2497,202201090OKC,215.0
2498,202201090HOU,236.0
2499,202201090DAL,221.0
2500,202201090BKN,232.5
2501,202201090GSW,217.0
2502,202201090POR,223.0
2503,202201090LAL,230.0
2504,202201100DET,224.0
2505,202201100BOS,211.5
2506,202201100NYK,213.0
2507,202201100SAC,221.0
2508,202201100HOU,227.0
2509,202201100POR,225.5
2510,202201110TOR,222.0
2511,202201110NOP,226.0
2512,202201110MEM,222.0
2513,202201110LAC,213.5
2514,202201110CHI,220.0
2515,202201120PHI,225.0
2516,202201120WAS,215.5
2517,202201120NYK,204.5
2518,202201120ATL,223.0
2519,202201120SAS,231.0
2520,202201120UTA,222.0
2521,202201120SAC,230.5
2522,202201120CHI,234.0
2523,202201130NOP,213.5
2524,202201130MEM,230.5
2525,202201130BKN,216.0
2526,202201130DEN,210.0
2527,202201140DET,210.0
2528,202201140CHA,223.0
2529,202201140PHI,207.5
2530,202201140CHI,225.5
2531,202201140MIA,223.0
2532,202201140SAS,219.5
2533,202201140SAC,238.5
2534,202201140MEM,218.5
2535,202201170WAS,129.5
2536,202201150ATL,214.5
2537,202201150BKN,230.5
2538,202201150OKC,207.5
2539,202201150MIA,213.0
2540,202201150SAS,221.0
2541,202201150BOS,214.0
2542,202201150DEN,225.5
2543,202201150DAL,211.5
2544,202201160DEN,223.5
2545,202201160MIN,215.0
2546,202201170CLE,221.0
2547,202201170MEM,225.0
2548,202201170LAC,209.5
2549,202201170ATL,233.5
2550,202201170ORL,219.0
2551,202201170MIA,206.0
2552,202201170SAS,229.0
2553,202201170DAL,210.0
2554,202201170LAL,230.5
2555,202201180GSW,218.0
2556,202201190WAS,235.0
2557,202201190MIA,210.5
2558,202201190BOS,221.0
2559,202201190ATL,236.0
2560,202201190MIL,229.0
2561,202201190CHI,214.5
2562,202201190SAS,221.5
2563,202201190DAL,207.5
2564,202201190UTA,230.5
2565,202201190DEN,213.5
2566,202201190SAC,221.5
2567,202201190LAL,225.0
2568,202201200DAL,216.5
2569,202201200GSW,216.5
2570,202201210PHI,213.0
2571,202201210CHA,223.5
2572,202201210ATL,217.5
2573,202201210BOS,212.0
2574,202201210MIL,227.5
2575,202201210WAS,218.5
2576,202201210SAS,234.5
2577,202201210UTA,216.0
2578,202201210DEN,225.0
2579,202201210GSW,230.5
2580,202201220MIL,227.0
2581,202201220PHO,219.0
2582,202201230WAS,216.5
2583,202201230ORL,215.5
2584,202201230TOR,214.0
2585,202201230MIA,212.0
2586,202201230CHA,233.5
2587,202201230SAS,222.0
2588,202201230DAL,218.5
2589,202201230DEN,217.5
2590,202201230MIN,236.0
2591,202201230GSW,218.5
2592,202201240NOP,218.0
2593,202201240PHO,220.0
2594,202201240OKC,217.5
2595,202201250WAS,219.0
2596,202201250DET,219.0
2597,202201250BKN,225.0
2598,202201250BOS,221.0
2599,202201250HOU,235.0
2600,202201250POR,234.0
2601,202201250GSW,210.5
2602,202201250PHI,212.5
2603,202201260CLE,217.0
2604,202201260ORL,213.0
2605,202201260MIA,202.5
2606,202201260SAS,229.5
2607,202201260ATL,227.0
2608,202201260UTA,223.0
2609,202201260POR,217.0
2610,202201260BKN,218.5
2611,202201260CHI,220.0
2612,202201270GSW,229.5
2613,202201280ORL,216.0
2614,202201280CHA,226.0
2615,202201280ATL,218.0
2616,202201280OKC,222.5
2617,202201280MEM,225.0
2618,202201280MIA,209.0
2619,202201280HOU,235.0
2620,202201280SAS,232.0
2621,202201280PHO,228.5
2622,202201280MIL,217.0
2623,202201290DAL,216.0
2624,202201290PHI,218.5
2625,202201290MIA,212.0
2626,202201290MEM,228.0
2627,202201290GSW,226.5
2628,202201300ATL,224.0
2629,202201300CHI,228.0
2630,202201300DET,207.5
2631,202201300MIL,232.5
2632,202201300ORL,212.5
2633,202201300PHO,230.0
2634,202201300MIN,228.0
2635,202201310CLE,209.0
2636,202201310IND,222.5
2637,202201310NYK,212.5
2638,202201310BOS,209.0
2639,202201310HOU,229.5
2640,202201310OKC,215.5
2641,202201310ATL,215.5
2642,202202020IND,225.5
2643,202202020BOS,225.0
2644,202202020NYK,218.0
2645,202202020HOU,218.0
2646,202202020DAL,207.0
2647,202202020SAC,231.0
2648,202202020UTA,216.0
2649,202202020LAL,225.0
2650,202202030ATL,229.5
2651,202202030GSW,224.0
2652,202202030LAC,219.0
2653,202202030TOR,222.5
2654,202202030SAS,224.0
2655,202202040DET,215.5
2656,202202040CHA,217.0
2657,202202040TOR,220.0
2658,202202040DAL,210.5
2659,202202040SAS,237.0
2660,202202040UTA,228.0
2661,202202040POR,213.5
2662,202202040DEN,223.0
2663,202202050WAS,219.0
2664,202202050CHA,226.5
2665,202202050LAL,216.0
2666,202202050POR,230.0
2667,202202050SAC,211.0
2668,202202060DEN,227.5
2669,202202060MIN,231.0
2670,202202060DAL,224.0
2671,202202060CLE,212.5
2672,202202060ORL,215.5
2673,202202060HOU,227.0
2674,202202060LAC,227.0
2675,202202070CHA,225.0
2676,202202070CHI,228.5
2677,202202070OKC,210.0
2678,202202070UTA,219.0
2679,202202080BKN,214.0
2680,202202080ATL,228.0
2681,202202080MEM,227.0
2682,202202080NOP,224.5
2683,202202080DAL,212.0
2684,202202080DEN,221.0
2685,202202080LAL,234.5
2686,202202080SAC,235.5
2687,202202080POR,222.0
2688,202202090CHA,237.0
2689,202202090OKC,204.0
2690,202202100UTA,140.5
2691,202202090POR,222.0
2692,202202090SAC,237.0
2693,202202100WAS,219.0
2694,202202100NOP,217.5
2695,202202100HOU,224.0
2696,202202100DAL,215.0
2697,202202100GSW,216.0
2698,202202100PHO,234.0
2699,202202110DET,227.5
2700,202202110IND,216.0
2701,202202110ATL,233.5
2702,202202110BOS,218.5
2703,202202110CHI,241.0
2704,202202110UTA,223.0
2705,202202120WAS,226.5
2706,202202120NOP,231.0
2707,202202120CHA,239.5
2708,202202120TOR,222.5
2709,202202120PHI,210.0
2710,202202120MIA,223.5
2711,202202120CHI,216.5
2712,202202120GSW,226.5
2713,202202120DAL,213.0
2714,202202120PHO,222.5
2715,202202130IND,240.5
2716,202202140NYK,207.0
2717,202202140BKN,230.0
2718,202202140MIL,225.0
2719,202202140CHI,234.5
2720,202202140NOP,219.5
2721,202202140UTA,233.0
2722,202202140DEN,222.5
2723,202202140LAC,218.0
2724,202202150ATL,222.0
2725,202202150PHI,209.0
2726,202202150MIN,244.0
2727,202202150NOP,225.0
2728,202202150MIL,239.0
2729,202202150PHO,222.5
2730,202202160IND,226.0
2731,202202160BOS,213.0
2732,202202160NYK,214.0
2733,202202160MIN,228.0
2734,202202160OKC,219.0
2735,202202160CHI,232.5
2736,202202160MEM,230.5
2737,202202160PHO,235.0
2738,202202160LAL,226.0
2739,202202160GSW,227.0
2740,202202170NOP,217.0
2741,202202170MIL,222.5
2742,202202170LAC,227.5
2743,202202170BKN,213.5
2744,202202240BKN,213.0
2745,202202240CHI,240.5
2746,202202240MIN,241.0
2747,202202240OKC,221.0
2748,202202240SAC,235.5
2749,202202260POR,130.5
2750,202202250IND,226.5
2751,202202250CHA,225.0
2752,202202250ORL,235.0
2753,202202250NYK,212.0
2754,202202250MIN,230.0
2755,202202250UTA,217.0
2756,202202250PHO,229.5
2757,202202250LAL,221.5
2758,202202260ATL,225.0
2759,202202260CLE,206.5
2760,202202260MIA,223.0
2761,202202260CHI,237.5
2762,202202260MIL,238.5
2763,202202260DEN,237.0
2764,202202270PHO,226.0
2765,202202270IND,227.0
2766,202202270HOU,230.0
2767,202202270CHA,229.0
2768,202202270GSW,218.0
2769,202202270POR,229.0
2770,202202270LAL,226.0
2771,202202280CLE,218.0
2772,202202280ORL,234.0
2773,202202280MIA,222.5
2774,202202280OKC,228.0
2775,202202280MIL,238.0
2776,202202280MEM,240.0
2777,202203010BOS,226.5
2778,202203010TOR,219.0
2779,202203010MIN,230.5
2780,202203010HOU,227.5
2781,202203010LAL,219.5
2782,202203020CLE,219.0
2783,202203020PHI,224.0
2784,202203020NOP,235.5
2785,202203020HOU,229.0
2786,202203020MIL,225.0
2787,202203020DEN,225.5
2788,202203020PHO,226.0
2789,202203030ATL,236.0
2790,202203030BOS,
2791,202203030TOR,223.5
2792,202203030BKN,
2793,202203030SAS,219.0
2794,202203030DAL,
2795,202203030LAC,224.0
2796,202203040PHI,216.5
2797,202203040WAS,
2798,202203040DET,223.0
2799,202203040CHI,
2800,202203040NOP,229.5
2801,202203040OKC,
2802,202203040DEN,240.0
2803,202203040PHO,
2804,202203040TOR,222.5
2805,202203050DAL,220.5
2806,202203050CHA,
2807,202203050MIA,237.0
2808,202203050MIN,
2809,202203050MEM,214.0
2810,202203050LAL,
2811,202203060BOS,226.5
2812,202203060MIL,
2813,202203060WAS,232.0
2814,202203060CLE,
2815,202203060HOU,227.0
2816,202203060OKC,
2817,202203060LAC,210.5
2818,202203060DEN,
2819,202203070DET,229.5
2820,202203070PHI,
2821,202203070MIA,233.0
2822,202203070MIN,
2823,202203070DAL,224.5
2824,202203070SAS,
2825,202203070SAC,229.0
2826,202203070DEN,
2827,202203080CHA,239.5
2828,202203080ORL,
2829,202203080IND,221.5
2830,202203080MEM,
2831,202203080OKC,223.0
2832,202203080GSW,
2833,202203090DET,230.0
2834,202203090CHA,
2835,202203090MIL,224.5
2836,202203090MIA,
2837,202203090HOU,241.0
2838,202203090MIN,
2839,202203090NOP,219.5
2840,202203090SAS,
2841,202203090DAL,236.5
2842,202203090SAC,
2843,202203090UTA,236.0
2844,202203090LAC,
2845,202203100PHI,237.0
2846,202203100DEN,
2847,202203100DEN,230.0
2848,202203110MIA,210.0
2849,202203110SAS,228.5
2850,202203110PHO,221.0
2851,202203110LAL,229.5
2852,202203110ORL,233.0
2853,202203110ATL,225.5
2854,202203110BOS,215.0
2855,202203110NOP,225.5
2856,202203110HOU,227.0
2857,202203110MEM,229.0
2858,202203120MIA,230.5
2859,202203120SAS,240.0
2860,202203120CHI,217.0
2861,202203120GSW,238.0
2862,202203120DEN,221.0
2863,202203120POR,220.5
2864,202203120UTA,229.5
2865,202203130BKN,225.5
2866,202203130DET,217.5
2867,202203130BOS,213.0
2868,202203130ORL,222.0
2869,202203130OKC,229.0
2870,202203130ATL,237.5
2871,202203130NOP,232.0
2872,202203130PHO,232.5
2873,202203140CLE,214.0
2874,202203140ATL,231.0
2875,202203140PHI,224.0
2876,202203140OKC,230.5
2877,202203140SAS,241.5
2878,202203140SAC,237.0
2879,202203140GSW,227.0
2880,202203140LAL,226.5
2881,202203140UTA,232.5
2882,202203150IND,236.5
2883,202203150ORL,231.5
2884,202203150MIA,213.5
2885,202203150NOP,231.0
2886,202203160CHA,241.0
2887,202203160CLE,220.0
2888,202203160WAS,230.0
2889,202203160NYK,222.0
2890,202203160BKN,222.5
2891,202203160HOU,236.5
2892,202203160MIN,242.0
2893,202203160SAS,233.0
2894,202203160UTA,224.5
2895,202203160SAC,242.0
2896,202203160GSW,220.5
2897,202203160LAC,214.0
2898,202203170ORL,219.5
2899,202203180PHI,217.0
2900,202203180BKN,228.0
2901,202203180ATL,232.0
2902,202203180NYK,226.0
2903,202203180CLE,226.0
2904,202203180TOR,226.0
2905,202203180HOU,243.5
2906,202203180MIA,218.5
2907,202203180SAS,237.0
2908,202203180UTA,213.0
2909,202203180SAC,220.5
2910,202203180PHO,232.0
2911,202203190MIN,242.5
2912,202203190CHA,224.0
2913,202203190WAS,230.0
2914,202203190CLE,219.0
2915,202203200IND,237.0
2916,202203200HOU,237.5
2917,202203200ATL,235.0
2918,202203200ORL,221.5
2919,202203200SAC,230.5
2920,202203200NYK,224.0
2921,202203200DEN,221.0
2922,202203200PHI,219.5
2923,202203200GSW,225.5
2924,202203210PHI,210.0
2925,202203210DET,222.5
2926,202203210CLE,228.0
2927,202203210CHA,237.0
2928,202203210BKN,230.0
2929,202203210OKC,216.0
2930,202203210HOU,233.5
2931,202203210CHI,219.0
2932,202203210DAL,228.0
2933,202203220ORL,216.0
2934,202203220NYK,226.5
2935,202203220MIL,234.5
2936,202203220DEN,223.0
2937,202203230DET,227.5
2938,202203230CHA,226.0
2939,202203230IND,233.0
2940,202203230MEM,237.5
2941,202203230BOS,215.5
2942,202203230MIA,209.5
2943,202203230MIN,239.5
2944,202203250OKC,232.5
2945,202203230DAL,218.5
2946,202203230LAL,226.0
2947,202203230POR,231.5
2948,202203240TOR,214.0
2949,202203240MEM,236.0
2950,202203240MIL,228.5
2951,202203240NOP,224.0
2952,202203240DEN,232.0
0,202203250MIA,214.0
1,202203250MIN,228.0
2,202203250POR,234.0
3,202203260LAC,218.5
4,202203260NOP,231.0
5,202203260ORL,221.5
6,202203260TOR,223.0
7,202203260MIA,231.5
8,202203260MEM,234.0
9,202203270CLE,223.0
10,202203270DEN,229.0
11,202203270POR,232.0
12,202203270DET,219.0
13,202203270PHO,226.5
14,202203270WAS,217.0
15,202203270BOS,230.5
16,202203270NOP,233.5
17,202203270DAL,217.0
18,202203270BKN,238.0
19,202203280CHA,231.5
20,202203280CLE,216.5
21,202203280IND,236.5
22,202203280NYK,217.5
23,202203280MIA,217.0
24,202203280TOR,212.0
25,202203280HOU,233.0
26,202203290MEM,221.5
27,202203290POR,220.0
28,202203290WAS,223.5
29,202203290PHI,232.0
30,202203290DAL,219.5
31,202203290BKN,234.0
32,202203300LAC,217.0
33,202203300CLE,215.5
34,202203300WAS,218.5
35,202203300IND,237.5
36,202203300NYK,224.0
37,202203300BOS,213.5
38,202203300TOR,228.5
39,202203300HOU,231.0
40,202203310OKC,228.0
41,202203310SAS,235.0
42,202203310GSW,222.0
43,202203310POR,225.0
44,202203310DET,225.5
45,202203310BKN,243.5
46,202203310ATL,229.0
47,202203310CHI,221.0
48,202204010UTA,228.5
49,202204010WAS,216.5
50,202204010ORL,217.0
51,202204010BOS,227.0
52,202204010HOU,234.5
53,202204020MIL,218.0
54,202204010OKC,222.0
55,202204010MEM,229.0
56,202204020SAS,230.5
57,202204020DEN,241.5
58,202204020LAL,230.5
59,202204020PHI,229.5
60,202204020NYK,221.0
61,202204020ATL,243.5
62,202204020CHI,217.0
63,202204020GSW,219.0
64,202204030BOS,223.0
65,202204030MIL,227.0
66,202204030LAL,232.0
67,202204030IND,233.0
68,202204030CLE,225.0
69,202204030ORL,216.5
70,202204030HOU,246.5
71,202204030SAS,230.5
72,202204030TOR,215.0
73,202204030OKC,221.5
74,202204030SAC,221.0
75,202204040LAC,224.0
76,202204050IND,235.0
77,202204050ORL,222.0
78,202204050BKN,244.5
79,202204050MIA,225.0
80,202204050TOR,226.5
81,202204050MIN,238.5
82,202204050OKC,220.0
83,202204050CHI,231.0
84,202204060DEN,234.5
85,202204060UTA,226.0
86,202204060SAC,225.0
87,202204060PHO,235.0
88,202204060DET,218.5
89,202204060NYK,229.5
90,202204060ATL,235.0
91,202204060CHI,225.0
92,202204070UTA,215.0
93,202204070LAC,223.5
94,202204070CHA,230.5
95,202204070MIL,227.5
96,202204070TOR,220.5
97,202204070NOP,223.0
98,202204070MIN,239.0
99,202204070DEN,234.5
100,202204080GSW,219.5
101,202204080DET,232.0
102,202204080WAS,224.0
103,202204080TOR,228.0
104,202204080BKN,233.0
105,202204080CHI,236.5
106,202204080MIA,231.0
107,202204080DAL,221.5
108,202204090UTA,229.0
109,202204090LAL,225.0
110,202204090PHI,236.5
111,202204090MEM,230.0
112,202204100SAS,218.5
113,202204100LAC,224.0
114,202204100NYK,214.0
115,202204100CHA,234.0
116,202204100BKN,245.0
117,202204100PHI,221.0
118,202204100ORL,218.5
119,202204100CLE,227.0
120,202204100HOU,241.0
121,202204100MEM,224.0
122,202204110PHO,227.0
123,202204110POR,220.0
124,202204110MIN,229.5
125,202204110DAL,224.5
126,202204100NOP,222.0
127,202204110DEN,228.0
128,202204110LAC,216.5
129,202204280BKN,229.5
130,202204280MIN,230.5
131,202204280ATL,238.5
132,202204280NOP,229.0
133,202204280CLE,225.0
134,202204280DAL,214.5
135,202204280MEM,234.5
136,202204280PHI,216.5
137,202204150LAC,216.5
138,202204280BOS,224.5
139,202204280MIL,228.5
140,202204280GSW,223.5
141,202204170MIA,220.5
142,202204180PHI,217.0
143,202204170PHO,224.0
144,202204190DAL,207.0
145,202204190GSW,223.0
146,202204190MIA,221.5
147,202204190MEM,240.0
148,202204200BOS,225.0
149,202204200PHO,222.0
150,202204200TOR,217.0
151,202204210MIL,225.0
152,202204210MIN,237.0
153,202204220UTA,208.0
154,202204220DEN,222.5
155,202204220ATL,222.0
156,202204230CHI,222.0
157,202204230BKN,222.5
158,202204230TOR,213.0
159,202204230UTA,214.0
160,202204230NOP,215.5
161,202204240MIN,232.5
162,202204240CHI,219.5
163,202204240DEN,224.0
164,202204240ATL,220.0
165,202204250BKN,222.0
166,202204250NOP,215.5
167,202204260PHI,212.0
168,202204250DAL,212.0
169,202204260MEM,231.0
170,202204260MIA,216.0
171,202204270MIL,217.5
172,202204270PHO,216.0
173,202204270GSW,225.5
174,202204280TOR,209.5
175,202204280NOP,216.5
176,202204290UTA,210.5
177,202204300MIN,229.5
178,202205010BOS,218.0
179,202205010MEM,224.0
180,202205020MIA,209.0
181,202205030BOS,216.0
182,202205030PHO,214.0
183,202205040MIA,208.5
184,202205040MEM,227.5
185,202205040PHO,217.5
186,202205060PHI,211.0
187,202205070MIL,211.5
188,202205060DAL,217.5
189,202205080DAL,214.5
190,202205080GSW,225.5
191,202205090MIL,213.0
192,202205080PHI,208.0
193,202205100MIA,208.0
194,202205090GSW,222.5
195,202205110BOS,211.0
196,202205110PHO,215.5
197,202205120PHI,206.0
198,202205110MEM,219.0
199,202205130MIL,212.5
200,202205120DAL,210.5
201,202205140GSW,218.5
202,202205150BOS,205.0
203,202205150PHO,204.5
204,202205170MIA,203.0
205,202205180GSW,216.5
206,202205200MIA,206.5
207,202205210GSW,216.5
208,202205220BOS,207.5
209,202205220DAL,217.0
210,202205240BOS,206.0
211,202205250DAL,216.0
212,202205260MIA,204.5
213,202205260GSW,215.0
214,202205280BOS,202.0
215,202205300MIA,198.5
216,202206020GSW,214.0
